-- MySQL dump 10.13  Distrib 8.0.28, for Win64 (x86_64)
--
-- Host: 127.0.0.1    Database: footballapp
-- ------------------------------------------------------
-- Server version	8.0.28

/*!40101 SET @OLD_CHARACTER_SET_CLIENT=@@CHARACTER_SET_CLIENT */;
/*!40101 SET @OLD_CHARACTER_SET_RESULTS=@@CHARACTER_SET_RESULTS */;
/*!40101 SET @OLD_COLLATION_CONNECTION=@@COLLATION_CONNECTION */;
/*!50503 SET NAMES utf8 */;
/*!40103 SET @OLD_TIME_ZONE=@@TIME_ZONE */;
/*!40103 SET TIME_ZONE='+00:00' */;
/*!40014 SET @OLD_UNIQUE_CHECKS=@@UNIQUE_CHECKS, UNIQUE_CHECKS=0 */;
/*!40014 SET @OLD_FOREIGN_KEY_CHECKS=@@FOREIGN_KEY_CHECKS, FOREIGN_KEY_CHECKS=0 */;
/*!40101 SET @OLD_SQL_MODE=@@SQL_MODE, SQL_MODE='NO_AUTO_VALUE_ON_ZERO' */;
/*!40111 SET @OLD_SQL_NOTES=@@SQL_NOTES, SQL_NOTES=0 */;

--
-- Table structure for table `clubs`
--

DROP TABLE IF EXISTS `clubs`;
/*!40101 SET @saved_cs_client     = @@character_set_client */;
/*!50503 SET character_set_client = utf8mb4 */;
CREATE TABLE `clubs` (
  `name` varchar(40) NOT NULL,
  `formYear` int NOT NULL,
  `city` varchar(30) DEFAULT NULL,
  `alias` varchar(70) DEFAULT NULL,
  `trophiesNumber` int NOT NULL,
  `teamValue` int NOT NULL,
  `leagueName` varchar(40) NOT NULL,
  `stadiumName` varchar(60) DEFAULT NULL,
  PRIMARY KEY (`name`),
  KEY `cfk1` (`leagueName`),
  KEY `cfk2` (`stadiumName`),
  CONSTRAINT `cfk1` FOREIGN KEY (`leagueName`) REFERENCES `leagues` (`name`),
  CONSTRAINT `cfk2` FOREIGN KEY (`stadiumName`) REFERENCES `stadiums` (`name`)
) ENGINE=InnoDB DEFAULT CHARSET=utf8mb4 COLLATE=utf8mb4_0900_ai_ci;
/*!40101 SET character_set_client = @saved_cs_client */;

--
-- Dumping data for table `clubs`
--

LOCK TABLES `clubs` WRITE;
/*!40000 ALTER TABLE `clubs` DISABLE KEYS */;
INSERT INTO `clubs` VALUES ('1.FC Koln',1948,'Kolonia','Die Geissbocke (kozły)',7,82,'1. Bundesliga','RheinEnergieStadion'),('1.FC Union Berlin',1966,'Berlin','Die Eisernen (Żelaźni)',1,73,'1. Bundesliga','Stadion An der Alten Forsterei'),('1.FSV Mainz 05',1905,'Moguncja','Die Nullfunfer',1,122,'1. Bundesliga','MEWA Arena'),('AC Fiorentina',1926,'Florencja','I Viola',9,237,'Serie A','Stadio Artemio Franchi'),('AC Milan',1899,'Mediolan','I Rossoneri',31,480,'Serie A','San Siro'),('Adana Demirspor',1940,'Adana','Mavi Simsekler (Niebieskie Błyskawice)',0,44,'Super Lig','Yeni Adana Stadyumu'),('Adelaide United',2003,'Adelaide','The Reds',4,8,'A-League','Coopers Stadium'),('AFC Bournemouth',1899,'Bournemouth','The Cherries (Wisienki)',0,134,'Championship','Vitality Stadium'),('Ajax Amsterdam',1900,'Amsterdam','De Godenzonen (Synowie Bogów)',65,348,'Eredivisie','Johan Cruyff Arena'),('Al-Ahli Saudi FC',1937,'Dżudda','Al Malaki (Królewscy)',23,27,'Saudi Professional League','King Abdullah Sports City'),('Al-Hilal FC',1957,'Rijad','Al Za?eem (Liderzy)',42,60,'Saudi Professional League','Prince Faisal bin Fahd Stadium'),('Al-Ittihad',1927,'Dżudda','Al Numur (Tygrysy)',25,33,'Saudi Professional League','King Abdullah Sports City'),('Al-Nassr Riyadh',1955,'Rijad','Al Faris Najd (Rycerze Nadżdy)',20,56,'Saudi Professional League','King Saud University Stadium'),('Al-Shabab FC',1947,'Rijad','Al Leith (Białe Lwy)',13,26,'Saudi Professional League','King Fahd International Stadium'),('Alanyaspor',1948,'Alanya','-',0,40,'Super Lig','Bahcesehir Okullari Stadyumu'),('Altay SK',1914,'Izmir','Buyuk Altay (Wielki Altay)',2,12,'Super Lig','Alsancak Mustafa Denizli Stadyumu'),('Antalyaspor',1966,'Antalya','Akrepler (Skorpiony)',0,31,'Super Lig','Antalya Stadyumu'),('Arka Gdynia',1929,'Gdynia','Śledzie',4,4,'1 Liga','Stadion Miejski w Gdyni'),('Arminia Bielefeld',1905,'Bielefeld','Die Arminen',0,64,'1. Bundesliga','Bielefelder Alm'),('Arsenal FC',1886,'Londyn','The Gunners (Kanonierzy)',45,521,'English Premier League','Emirates Stadium'),('AS Monaco',1924,'Monako','The Monegasques',16,351,'Ligue 1','Stade Louis II'),('AS Roma',1927,'Rzym','I Giallorossi',14,369,'Serie A','Stadio Olimpico'),('AS Saint-Etienne',1919,'Saint-Etienne','Les Verts',17,104,'Ligue 1','Stade Geoffroy-Guichard'),('Aston Villa',1874,'Birmingham','The Villans',20,464,'English Premier League','Villa Park'),('Atalanta Bergamo',1907,'Bergamo','La Dea (Bogini)',1,385,'Serie A','Gewiss Stadium'),('Athletic Bilbao',1898,'Bilbao','Los Leones (Lwy)',35,219,'La Liga','San Mames'),('Atlanta United',2014,'Atlanta','The 5 Stripes',2,74,'Major League Soccer','Mercedes-Benz Stadium'),('Atletico Madrid',1903,'Madryt','Los Colchoneros',23,608,'La Liga','Wanda Metropolitano'),('Atletico Ottawa',2020,'Ottawa','Ottleti',0,3,'Canadian Premier League','TD Place Stadium'),('Auckland City FC',2004,'Auckland','The Navy Blues',25,4,'New Zealand National League','Freyberg Field'),('AZ Alkmaar',1967,'Alkmaar','Kaaskoppen (Serogłowi)',7,68,'Eredivisie','AFAS Stadion'),('Bayer 04 Leverkusen',1904,'Leverkusen','Die Apotheker (Aptekarze)',1,434,'1. Bundesliga','BayArena'),('Bayern Munich',1900,'Monachium','Die Roten ',67,805,'1. Bundesliga','Allianz Arena'),('Belenenses SAD',2018,'Lizbona','Azuis',0,13,'Primeira Liga','Estadio Nacional do Jamor'),('Benfica Lisboa',1904,'Lizbona','As Aguias (Orły)',78,264,'Primeira Liga','Estadio da Luz'),('Besiktas JK',1903,'Stambuł','Kara Kartallar (Czarne Orły)',35,98,'Super Lig','Vodafone Park'),('Blackburn Rovers',1875,'Blackburn','The Rovers (Wędrowcy)',11,51,'Championship','Ewood Park'),('Boavista FC',1903,'Porto','As Panteras (Pantery)',9,29,'Primeira Liga','Estadio do Bessa'),('Boca Juniors',1905,'Buenos Aires','Los Xeneizes (Genueńczycy)',34,91,'Argentine Primera Division','La Bombonera'),('Borussia Dortmund',1909,'Dortmund','Die Schwarzgelben',19,560,'1. Bundesliga','Signal Iduna Park'),('Borussia Monchengladbach',1900,'Monchengladbach','Die Fohlen (Źrebaki)',8,220,'1. Bundesliga','Borussia-Park'),('Brentford FC',1899,'Londyn','The Bees (Pszczoły)',0,237,'English Premier League','Brentford Community Stadium'),('Brighton & Hove Albion',1901,'Brighton and Hove','The Seagulls (Mewy)',1,277,'English Premier League','Falmer Stadium'),('Brisbane Roar',1957,'Brisbane','The Roar',3,6,'A-League','Moreton Daily Stadium'),('Bruk-Bet Termalica Nieciecza',1922,'Nieciecza','Słoniki',0,7,'Ekstraklasa','Stadion Sportowy Bruk-Bet Termalica'),('Burnley FC',1882,'Burnley','The Clarets',5,143,'English Premier League','Turf Moor'),('CA Independiente',1905,'Avellaneda','El Rojo',14,32,'Argentine Primera Division','Estadio Libertadores de America'),('CA Osasuna',1920,'Pampeluna','Gorritxoak',0,105,'La Liga','El Sadar'),('CA Talleres',1913,'Cordoba','Los Matadores',0,40,'Argentine Primera Division','Estadio Francisco Cabases'),('Cadiz CF',1910,'Kadyks','Los Piratas (Piraci)',0,62,'La Liga','Nuevo Mirandilla'),('Cagliari Calcio',1920,'Cagliari','Gli Isolani (Wyspiarze)',1,129,'Serie A','Unipol Domus'),('Cashmere Technical',2012,'Christchurch','The Wanderers',0,3,'New Zealand National League','Garrick Memorial Park'),('Cavalry FC',2018,'Calgary','The Cavs',2,4,'Canadian Premier League','ATCO Field'),('Caykur Rizespor',1953,'Rize','Karadeniz Atmacasi (Krogulce Czarnomorskie)',0,20,'Super Lig','Yeni Rize Sehir Stadyumu'),('CD Cruz Azul',1927,'Mexico City','La Maquina (Maszyna)',15,59,'Liga MX','Estadio Azteca'),('CD Guadalajara',1906,'Zapopan','Las Chivas (Kozy)',24,55,'Liga MX','Estadio Akron'),('CD Santa Clara',1927,'Ponta Delgada','Os Acoreanos (Azorczycy)',0,20,'Primeira Liga','Estadio de Sao Miguel'),('CD Tondela',1933,'Tondela','Auriverdes',1,19,'Primeira Liga','Estadio Joao Cardoso'),('Central Coast Mariners',2004,'Gosford','The Coasties',1,7,'A-League','Grahame Park'),('Cerezo Osaka',1957,'Osaka','Sakura (Kwiaty Wiśni)',11,18,'J-League','Yanmar Stadium'),('CF Monterrey',1945,'Monterrey','Los Rayados (Pasiaści)',8,75,'Liga MX','Estadio BBVA'),('CF Pachuca',1901,'Pachuca de Soto','Los Tuzos (Susły)',6,54,'Liga MX','Estadio Hidalgo'),('Chelsea FC',1905,'Londyn','The Blues',23,869,'English Premier League','Stamford Bridge'),('Chicago Fire',1997,'Chicago','Firemen (Strażacy)',6,37,'Major League Soccer','Soldier Field'),('Chrobry Głogów',1946,'Głogów','Pomarańczowi',0,3,'1 Liga','Stadion Miejski w Głogowie'),('Clermont Foot 63',1911,'Clermont','Les Lanciers (Lansjerzy)',0,46,'Ligue 1','Stade Gabriel-Montpied'),('Club America',1916,'Mexico City','Las Aguilas (Orły)',25,68,'Liga MX','Estadio Azteca'),('Club Leon',1944,'Leon de los Aldama','La Fiera (Dzika Bestia)',18,45,'Liga MX','Estadio Leon'),('Club Tijuana',2007,'Tijuana','El Xolaje',1,33,'Liga MX','Estadio Caliente'),('Cracovia',1906,'Kraków','Pasy',7,16,'Ekstraklasa','Stadion im. Józefa Piłsudskiego'),('Crystal Palace',1905,'Londyn','The Eagles (Orły)',0,236,'English Premier League','Selhurst Park'),('CS Maritimo',1910,'Funchal','O Maior das Ilhas (Największa z wysp)',0,14,'Primeira Liga','Estadio do Maritimo'),('D.C. United',1994,'Waszyngton','The Black and Red',11,26,'Major League Soccer','Audi Field'),('Deportivo Alaves',1921,'Vitoria-Gasteiz','Los Babazorros (Worki bobu)',0,57,'La Liga','Mendizorroza'),('Dynamo Kyiv',1927,'Kijów','Bilo-Syni',60,97,'Ukrainian Premier Liha','NSC Olimpiyskiy'),('Dynamo Moskwa',1923,'Moskwa','Belo-Golubye',18,104,'Russian Premier Liga','VTB Arena'),('Eintracht Frankfurt',1899,'Frankfurt n. Menem','Die Adler (Orły)',6,199,'1. Bundesliga','Deutsche Bank Park'),('Elche CF',1923,'Elche','Los Franjiverdes (Zielone Pasy)',0,66,'La Liga','Estadio Manuel Martinez Valero'),('Empoli FC',1920,'Empoli','Gli Azzurri',0,91,'Serie A','Stadio Carlo Castellani'),('ESTAC Troyes',1986,'Troyes','ESTAC',0,57,'Ligue 1','Stade de l?Aube'),('Estoril Praia',1939,'Estoril','Os Canarinhos (Kanarki)',0,23,'Primeira Liga','Estadio Antonio Coimbra da Mota'),('Everton FC',1878,'Liverpool','The Toffees',23,423,'English Premier League','Goodison Park'),('Fatih Karagumruk',1926,'Stambuł','Fatih?in Torunlari (Potomkowie Fatiha)',0,32,'Super Lig','Ataturk Olimpiyat Stadi'),('FC Arouca',1951,'Arouca','Arouquenses',0,14,'Primeira Liga','Estadio Municipal de Arouca'),('FC Augsburg',1907,'Augsburg','Fuggerstadter',0,98,'1. Bundesliga','WWK Arena'),('FC Barcelona',1899,'Barcelona','Blaugrana',70,626,'La Liga','Camp Nou'),('FC Bologna 1909',1909,'Bolonia','I Rossoblu',9,146,'Serie A','Stadio Renato Dall?Ara'),('FC Edmonton',2010,'Edmonton','The Eddies',0,3,'Canadian Premier League','Clarke Stadium'),('FC Famalicao',1931,'Vila Nova de Famalicao','Famalicenses',0,48,'Primeira Liga','Estadio Municipal 22 de Junho'),('FC Girondins Bordeaux',1881,'Bordeaux','Les Girondins (Żyrondyści)',15,89,'Ligue 1','Matmut Atlantique'),('FC Groningen',1971,'Groningen','Trots van het Noorden (Duma Północy)',1,27,'Eredivisie','Euroborg'),('FC Lorient',1926,'Lorient','Les Merlus (Morszczuki)',1,55,'Ligue 1','Stade du Moustoir'),('FC Metz',1932,'Metz','Les Grenats',3,88,'Ligue 1','Stade Saint-Symphorien'),('FC Nantes',1943,'Nantes','Les Canaris (Kanarki)',14,101,'Ligue 1','Stade de la Beaujoire'),('FC Pacos de Ferreira',1950,'Pacos de Ferreira','Os Castores (Bobry)',0,19,'Primeira Liga','Estadio Capital do Movel'),('FC Porto',1893,'Porto','Os Dragoes (Smoki)',72,299,'Primeira Liga','Estadio do Dragao'),('FC Twente Enschede',1965,'Enschede','De Tukkers',6,30,'Eredivisie','De Grolsch Veste'),('FC Utrecht',1970,'Utrecht','Domstedelingen (Mieszkańcy Katedry)',4,38,'Eredivisie','Stadion Galgenwaard'),('FC Vizela',1939,'Vizela','Vizelenses',0,15,'Primeira Liga','Estadio do Futebol Clube de Vizela'),('Fenerbahce SK',1907,'Stambuł','Sari Kanaryalar (Żółte Kanarki)',34,144,'Super Lig','Sukru Saracoglu Stadyumu'),('Feyenoord Rotterdam',1908,'Rotterdam','De Club van het Volk (Klub Ludu)',32,169,'Eredivisie','De Kuip'),('Forge FC',2017,'Hamilton','The Hammers',1,3,'Canadian Premier League','Tim Hortons Field'),('Fortuna Sittard',1968,'Sittard','Fortunezen',0,15,'Eredivisie','Fortuna Sittard Stadion'),('Fulham FC',1879,'Londyn','The Cottagers (Wieśniacy)',0,144,'Championship','Craven Cottage'),('Galatasaray SK',1905,'Stambuł','Aslanar (Lwy)',56,104,'Super Lig','Nef Stadyumu'),('Gaziantep FK',1988,'Gaziantep','-',0,26,'Super Lig','Kalyon Stadyumu'),('Genoa CFC',1893,'Genua','I Grifone (Gryf)',10,113,'Serie A','Stadio Luigi Ferraris'),('Getafe CF',1983,'Getafe','Los Azulones',0,158,'La Liga','Coliseum Alfonso Perez'),('Gil Vicente FC',1924,'Barcelos','Os Galos (Koguty)',0,27,'Primeira Liga','Estadio Cidade de Barcelos'),('Giresunspor',1967,'Giresun','Cotanaklar',0,27,'Super Lig','Cotanak Stadyumu'),('Go Ahead Eagles',1902,'Deventer','Trots aan de IJssel (Duma znad IJssel)',4,12,'Eredivisie','De Adelaarshorst'),('Górnik Łęczna',1979,'Łęczna','Duma Lubelszczyzny',0,5,'Ekstraklasa','Stadion Miejski w Łęcznej'),('Górnik Zabrze',1948,'Zabrze','Górnicy',21,15,'Ekstraklasa','Stadion im. Ernesta Pohla'),('Goztepe Izmir',1925,'Izmir','Goz Goz',3,19,'Super Lig','Gursel Aksel Stadyumu'),('Granada CF',1931,'Granada','Nazaries (Nasrydzi)',0,89,'La Liga','Nuevo Estadio de Los Carmenes'),('Hatayspor',1967,'Antiochia','Guneyin Yildizi (Gwiazda Południa)',0,32,'Super Lig','Yeni Hatay Stadyumu'),('Hellas Verona',1903,'Werona','I Mastini (Mastify)',1,126,'Serie A','Stadio Marcantonio Bentegodi'),('Heracles Almelo',1903,'Almelo','Heraclieden',2,15,'Eredivisie','Polman Stadion'),('Hertha Berlin',1892,'Berlin','Die Alte Dame (Stara dama)',4,96,'1. Bundesliga','Olympiastadion'),('HFX Wanderers',2018,'Halifax','The Timbits',0,3,'Canadian Premier League','Wanderers Grounds'),('Inter Mediolan',1908,'Mediolan','I Nerazzurri',33,529,'Serie A','San Siro'),('Istanbul Basaksehir',1990,'Stambuł','Boz Baykuslar (Szare Sowy)',1,53,'Super Lig','Fatih Terim Stadyumu'),('Jagiellonia Białystok',1920,'Białystok','Jaga',2,13,'Ekstraklasa','Stadion Miejski w Białymstoku'),('Juventus FC',1897,'Turyn','La Vecchia Signora (Stara dama)',59,556,'Serie A','Allianz Stadium'),('Kaizer Chiefs',1970,'Johannesburg','Amakhosi (Szefowie)',18,15,'South African Premier Division','FNB Stadium'),('Kasimpasa',1921,'Stambuł','Apaciler (Apacze)',0,37,'Super Lig','Recep Tayyip Erdogan Stadyumu'),('Kawasaki Frontale',1955,'Kawasaki','Azzurro Nero',8,21,'J-League','Todoroki Stadium'),('Kayserispor',1966,'Kayseri','Anadolu Yildiz (Anatolijska Gwiazda)',1,36,'Super Lig','Kadir Has Stadyumu'),('Konyaspor',1922,'Konya','Anadolu Kartali (Anatolijskie Orły)',2,43,'Super Lig','Konya Buyuksehir Belediye Stadyumu'),('Korona Kielce',1973,'Kielce','Scyzory',0,5,'1 Liga','Suzuki Arena'),('Lazio Rzym',1900,'Rzym','I Biancocelesti',14,266,'Serie A','Stadio Olimpico'),('Lech Poznań',1920,'Poznań','Kolejorz',19,45,'Ekstraklasa','Stadion Poznań'),('Lechia Gdańsk',1945,'Gdańsk','Biało-zieloni',4,15,'Ekstraklasa','Polsat Plus Arena'),('Leeds United',1919,'Leeds','The Peacocks (Pawie)',7,294,'English Premier League','Elland Road'),('Legia Warszawa',1916,'Warszawa','Legioniści',38,24,'Ekstraklasa','Stadion Wojska Polskiego'),('Leicester City',1884,'Leicester','The Foxes (Lisy)',7,515,'English Premier League','King Power Stadium'),('Levante UD',1909,'Walencja','Los Granotes (Żaby)',0,74,'La Liga','Estadi Ciutat de Valencia'),('Liverpool FC',1892,'Liverpool','The Reds',51,928,'English Premier League','Anfield'),('ŁKS Łódź',1908,'Łódź','Rycerze Wiosny',3,3,'1 Liga','Stadion Miejski im. Władysława Króla'),('Lokomotiv Moskwa',1922,'Moskwa','Parovozy (Parowozy)',17,75,'Russian Premier Liga','RZD Arena'),('Los Angeles FC',2014,'Los Angeles','The Black and Gold',1,52,'Major League Soccer','Banc of California Stadium'),('Los Angeles Galaxy',1994,'Los Angeles','The Gals',11,39,'Major League Soccer','Dignity Health Sports Park'),('LOSC Lille',1944,'Lille','Les Dogues (Mastify)',12,243,'Ligue 1','Stade Pierre-Mauroy'),('Macarthur FC',2017,'Sydney','The Bulls',0,8,'A-League','Campbelltown Stadium'),('Mamelodi Sundowns',1970,'Tshwane','Ka bo Yellow',19,23,'South African Premier Division','Lucas Moripe Stadium'),('Manchester City',1880,'Manchester','The Citizens (Obywatele)',28,959,'English Premier League','Etihad Stadium'),('Manchester United',1878,'Manchester','The Red Devils (Czerwone Diabły)',58,774,'English Premier League','Old Trafford'),('Melbourne City',2009,'Melbourne','Heart',2,12,'A-League','AAMI Park'),('Melbourne Victory',2004,'Melbourne','Big V (Wielkie V)',6,10,'A-League','AAMI Park'),('Middlesbrough FC',1876,'Middlesbrough','Boro',1,57,'Championship','Riverside Stadium'),('Miedź Legnica',1971,'Legnica','Miedzianka',1,5,'1 Liga','Stadion Miejski im. Orła Białego'),('Montpellier HSC',1919,'Montpellier','La Paillade',3,113,'Ligue 1','Stade de la Mosson'),('Moreirense FC',1938,'Moreira de Conegos','Verdes e Brancos',1,11,'Primeira Liga','Parque Comendador Joaquim de Almeida Freitas'),('NEC Nijmegen',1900,'Nijmegen','Eniesee',0,13,'Eredivisie','Goffert Stadion'),('New England Revolution',1996,'Foxborough','The Revs',2,48,'Major League Soccer','Gillette Stadium'),('New York City FC',2013,'Nowy Jork','The Pigeons (Gołębie)',1,51,'Major League Soccer','Yankee Stadium'),('Newcastle Jets',2000,'Newcastle','The Jets',1,7,'A-League','McDonald Jones Stadium'),('Newcastle United',1892,'Newcastle upon Tyne','The Magpies (Sroki)',11,290,'English Premier League','St. James? Park'),('Norwich City',1902,'Norwich','The Canaries (Kanarki)',2,154,'English Premier League','Carrow Road'),('Nottingham Forest',1865,'West Bridgford','The Tricky Trees',8,53,'Championship','The City Ground'),('Odra Opole',1945,'Opole','Wikingowie Południa',0,3,'1 Liga','Stadion Miejski Odra'),('OGC Nice',1904,'Nicea','Les Aiglons (Orlątka)',7,249,'Ligue 1','Allianz Riviera'),('Olympique Lyon',1899,'Lyon','Les Gones (Dzieci)',20,344,'Ligue 1','Groupama Stadium'),('Olympique Marseille',1899,'Marsylia','Les Phoceens',24,253,'Ligue 1','Stade Velodrome'),('Orlando Pirates',1937,'Johannesburg','The Sea Robbers',11,18,'South African Premier Division','Orlando Stadium'),('Pacific FC',2018,'Greater Victoria','The Islanders',1,4,'Canadian Premier League','Starlight Stadium'),('Paris Saint-Germain FC',1970,'Paryż','Les Parisiens',43,903,'Ligue 1','Parc des Princes'),('PEC Zwolle',1910,'Zwolle','Blauwvingers (Niebieskopalczaści)',2,14,'Eredivisie','IJsseldelta Stadion'),('Perth Glory',1995,'Perth','The Glory (Chwała)',2,8,'A-League','HBF Park'),('PFC Sochi',2018,'Soczi','Leopardy',0,33,'Russian Premier Liga','Olimpiyskiy Stadion Fisht'),('Philadelphia Union',2008,'Filadelfia','The U',1,34,'Major League Soccer','Subaru Park'),('Piast Gliwice',1945,'Gliwice','Piastunki',1,14,'Ekstraklasa','Stadion Miejski im. Piotra Wieczorka'),('Podbeskidzie Bielsko-Biała',1907,'Bielsko-Biała','Górale',0,4,'1 Liga','Stadion Miejski w Bielsku-Białej'),('Pogoń Szczecin',1948,'Szczecin','Portowcy',0,20,'Ekstraklasa','Stadion Miejski im. Floriana Krygiera'),('Portimonense SC',1914,'Portimao','Alvinegros',0,21,'Primeira Liga','Estadio Municipal de Portimao'),('Preston North End',1880,'Preston','The Lilywhites',4,31,'Championship','Deepdale Stadium'),('PSV Eindhoven',1913,'Eindhoven','De Boeren (Rolnicy)',43,186,'Eredivisie','Philips Stadion'),('Racing Club',1903,'Avellaneda','La Academia (Akademia)',18,54,'Argentine Primera Division','Estadio Presidente Juan Domingo Peron'),('Radomiak Radom',1910,'Radom','Zieloni',0,12,'Ekstraklasa','Stadion im. Marszałka Józefa Piłsudskiego'),('Raków Częstochowa',1921,'Częstochowa','Medaliki',3,29,'Ekstraklasa','Miejski Stadion Piłkarski Raków'),('Rayo Vallecano',1924,'Madryt','Los Franjirrojos (Czerwone Szarfy)',0,61,'La Liga','Estadio de Vallecas'),('RB Leipzig',2009,'Lipsk','Die Rotne Bullen (Czerwone byki)',1,466,'1. Bundesliga','Red Bull Arena'),('RC Celta Vigo',1923,'Vigo','Os Celestes',0,113,'La Liga','Estadio Abanca-Balaidos'),('RC Lens',1906,'Lens','Les Artesiens',2,119,'Ligue 1','Stade Bollaert-Delelis'),('RC Strasbourg',1906,'Strasburg','Le Racing',7,102,'Ligue 1','Stade de la Meinau'),('RCD Espanyol',1900,'Barcelona','Los Periquitos (Papużki)',4,126,'La Liga','Estadi Cornella-El Prat'),('RCD Mallorca',1916,'Palma de Majorka','Los Bermellones',2,66,'La Liga','Visit Mallorca Stadium'),('Real Betis Balompie',1907,'Sewilla','Los Verdiblancos',4,249,'La Liga','Estadio Benito Villamarin'),('Real Madrid',1902,'Madryt','Los Galacticos (Galaktyczni)',66,750,'La Liga','Santiago Bernabeu'),('Real Sociedad',1909,'San Sebastian','Los Txuri-Urdin',6,364,'La Liga','Estadio Anoeta'),('River Plate',1901,'Buenos Aires','Los Millonarios (Milionerzy)',38,134,'Argentine Primera Division','Estadio Antonio Vespucio Liberti'),('RKC Waalwijk',1940,'Waalwijk','RKC',0,12,'Eredivisie','Mandemakers Stadion'),('Santos Laguna',1983,'Torreon','Los Guerreros (Wojownicy)',8,60,'Liga MX','Estadio Corona'),('SC Braga',1921,'Braga','Os Arcebispos (Arcybiskupi)',5,121,'Primeira Liga','Estadio Municipal de Braga'),('SC Cambuur',1964,'Leeuwarden','De Geel-Blauw',0,11,'Eredivisie','Cambuur Stadion'),('SC Freiburg',1904,'Fryburg Bryzgowijski','Breisgau-Brasilianer',0,153,'1. Bundesliga','Europa-Park Stadion'),('SC Heerenveen',1920,'Heerenveen','De Superfriezen (Superfryzyjczycy)',1,23,'Eredivisie','Abe Lenstra Stadion'),('SCO Angers',1919,'Angers','Les Scoistes',0,67,'Ligue 1','Stade Raymond-Kopa'),('Seattle Sounders',2007,'Seattle','The Rave Green',7,48,'Major League Soccer','Lumen Field'),('Sevilla FC',1890,'Sewilla','Los Nervionenses',7,361,'La Liga','Estadio Ramon Sanchez Pizjuan'),('Shakhtar Donetsk',1936,'Donieck','Hirnyky (Górnicy)',39,161,'Ukrainian Premier Liha','NSC Olimpiyskiy'),('Sheffield United',1889,'Sheffield','The Blades (Szabelki)',5,82,'Championship','Bramall Lane'),('Sivasspor',1967,'Sivas','Yigidolar',1,27,'Super Lig','Yeni Sivas 4 Eylul Stadyumu'),('Śląsk Wrocław',1946,'Wrocław','Wojskowi',6,11,'Ekstraklasa','Tarczyński Arena'),('Southampton FC',1885,'Southampton','The Saints (Święci)',2,249,'English Premier League','St. Mary?s Stadium'),('Sparta Rotterdam',1888,'Rotterdam','De Kasteelheren (Panowie Zamku)',9,13,'Eredivisie','Het Kasteel'),('Spartak Moskwa',1922,'Moskwa','Gladiatory (Gladiatorzy)',37,85,'Russian Premier Liga','Otkrytye Bank Arena'),('Spezia Calcio',1906,'La Spezia','Aquilotti (Orzełki)',0,71,'Serie A','Stadio Alberto Picco'),('Sporting CP',1906,'Lizbona','Os Leoes (Lwy)',49,264,'Primeira Liga','Estadio Jose Alvalade'),('SpVgg Greuther Furth',1903,'Furth','Kleeblatter (Listki koniczyny)',3,33,'1. Bundesliga','Sportpark Ronhof'),('SSC Napoli',1926,'Neapol','I Partenopei',10,494,'Serie A','Stadio Diego Armando Maradona'),('Stade Brestois 29',1903,'Brest','Les Pirates (Piraci)',0,79,'Ligue 1','Stade Francis-Le Ble'),('Stade Reims',1931,'Reims','Les Rouges et Blancs',8,118,'Ligue 1','Stade Auguste-Delaune'),('Stade Rennais FC',1901,'Rennes','Les Rouge et Noirs',3,224,'Ligue 1','Roazhon Park'),('Stal Mielec',1939,'Mielec','Biało-niebiescy',2,8,'Ekstraklasa','Stadion MOSiR'),('Stoke City',1863,'Stoke-on-Trent','The Potters (Garncarze)',1,44,'Championship','Bet365 Stadium'),('Swansea City',1912,'Swansea','The Swans (Łabędzie)',3,49,'Championship','Liberty Stadium'),('Sydney FC',2004,'Sydney','The Sky Blues',6,10,'A-League','Jubilee Oval'),('Tigres UANL',1960,'San Nicolas','Los Tigres (Tygrysy)',13,72,'Liga MX','Estadio Universitario'),('Torino FC',1906,'Turyn','Il Toro (Byk)',12,221,'Serie A','Stadio Olimpico Grande Torino'),('Toronto FC',2005,'Toronto','The Reds',10,37,'Major League Soccer','BMO Field'),('Tottenham Hotspur',1882,'Londyn','The Lilywhites',21,592,'English Premier League','Tottenham Hotspur Stadium'),('Trabzonspor',1967,'Trabzon','Karadeniz Firtinasi (Sztorm na Morzu Czarnym)',25,114,'Super Lig','Medical Park Stadyumu'),('TSG 1899 Hoffenheim',1899,'Sinsheim','Wieśniaki',0,211,'1. Bundesliga','PreZero-Arena'),('UC Sampdoria',1946,'Genua','I Blucerchiati',6,96,'Serie A','Stadio Luigi Ferraris'),('Udinese Calcio',1896,'Udine','Le Zebrette (Zebry)',0,104,'Serie A','Stadio Friuli'),('UNAM Pumas',1954,'Mexico City','Los Pumas (Pumy)',10,27,'Liga MX','Estadio Olimpico Universitario'),('US Salernitana 1919',1919,'Salerno','Cavallucci Marini (Koniki morskie)',0,55,'Serie A','Stadio Arechi'),('US Sassuolo',1920,'Sassuolo','I Neroverdi',0,237,'Serie A','Mapei Stadium'),('Valencia CF',1919,'Walencja','Los Murcielagos (Nietoperze)',15,295,'La Liga','Estadio Mestalla'),('Valour FC',2017,'Winnipeg','The Fuzzies',0,3,'Canadian Premier League','IG Field'),('Venezia FC',1907,'Wenecja','I Lagunari',1,83,'Serie A','Stadio Pier Luigi Penzo'),('VfB Stuttgart',1893,'Stuttgart','Die Schwaben',9,162,'1. Bundesliga','Mercedes-Benz Arena'),('VfL Bochum',1848,'Bochum','Die Unabsteigbaren (Niedegradowalni)',1,50,'1. Bundesliga','Vonovia-Ruhrstadion'),('VfL Wolfsburg',1945,'Wolfsburg','Die Wolfe (Wilki)',3,237,'1. Bundesliga','Volkswagen Arena'),('Villarreal CF',1923,'Vila-real','El Subamrino Amarillo (Żółta łódź podwodna)',0,387,'La Liga','Estadio de la Ceramica'),('Vissel Kobe',1966,'Kobe','Ushi (Krowy)',2,24,'J-League','Noevir Stadium'),('Vitesse Arnhem',1892,'Arnhem','Airborne Football Club',1,44,'Eredivisie','GelreDome'),('Vitoria Guimaraes SC',1922,'Guimaraes','Os Conquistadores (Zdobywcy)',2,47,'Primeira Liga','Estadio D. Afonso Henriques'),('Warta Poznań',1912,'Poznań','Warciarze',2,9,'Ekstraklasa','Stadion Dyskobolii Grodzisk Wlkp.'),('Watford FC',1881,'Watford','The Hornets (Szerszenie)',0,149,'English Premier League','Vicarage Road'),('Wellington Olympic',1953,'Wellington','The Greeks',0,3,'New Zealand National League','Wakefield Park'),('Wellington Phoenix',2007,'Wellington','The Nix',0,8,'A-League','Sky Stadium'),('West Bromwich Albion',1878,'West Bromwich','The Baggies',9,81,'Championship','The Hawthorns'),('West Ham United',1895,'Londyn','The Hammers (Młoty)',4,349,'English Premier League','London Stadium'),('Western Sydney Wanderers',2012,'Sydney','Wanderers',0,9,'A-League','CommBank Stadium'),('Western United',2018,'Melbourne','Western Melbourne',1,8,'A-League','Mars Stadium'),('Widzew Łódź',1922,'Łódź','Czerwoni',6,6,'1 Liga','Stadion Miejski w Łodzi'),('Willem II Tilburg',1896,'Tilburg','Superkruiken (Super Dzbany)',5,13,'Eredivisie','Koning Willem II Stadion'),('Wisła Kraków',1906,'Kraków','Biała Gwiazda',18,9,'Ekstraklasa','Stadion Miejski im. Henryka Reymana'),('Wisła Płock',1947,'Płock','Nafciarze',2,12,'Ekstraklasa','Stadion im. Kazimierza Górskiego'),('Wolverhampton Wanderers',1877,'Wolverhampton','The Wolves (Wilki)',13,364,'English Premier League','Molineux Stadium'),('Yeni Malatyaspor',1986,'Malatya','-',0,10,'Super Lig','Yeni Malatya Stadyumu'),('York United FC',2018,'Toronto','The 9 Stripes',0,4,'Canadian Premier League','York Lions Stadium'),('Zagłębie Lubin',1946,'Lubin','Miedziowi',3,14,'Ekstraklasa','Stadion Miejski w Lubinie'),('Zagłębie Sosnowiec',1906,'Sosnowiec','Zagłębiacy',4,3,'1 Liga','Stadion Ludowy'),('Zenit St. Petersburg',1925,'Sankt Petersburg','Zenitchiki (Zenitowcy)',21,163,'Russian Premier Liga','Stadion Krestovsky'),('Zorya Luhansk',1923,'Ługańsk','Myzhyky (Chłopaki)',1,15,'Ukrainian Premier Liha','Slavutych Arena');
/*!40000 ALTER TABLE `clubs` ENABLE KEYS */;
UNLOCK TABLES;

--
-- Table structure for table `federations`
--

DROP TABLE IF EXISTS `federations`;
/*!40101 SET @saved_cs_client     = @@character_set_client */;
/*!50503 SET character_set_client = utf8mb4 */;
CREATE TABLE `federations` (
  `name` enum('AFC','CAF','CONCACAF','CONMEBOL','OFC','UEFA') NOT NULL,
  `continent` enum('Afryka','Ameryka Północna i Środkowa','Ameryka Południowa','Azja','Europa','Oceania') NOT NULL,
  `chef` varchar(40) NOT NULL,
  PRIMARY KEY (`name`)
) ENGINE=InnoDB DEFAULT CHARSET=utf8mb4 COLLATE=utf8mb4_0900_ai_ci;
/*!40101 SET character_set_client = @saved_cs_client */;

--
-- Dumping data for table `federations`
--

LOCK TABLES `federations` WRITE;
/*!40000 ALTER TABLE `federations` DISABLE KEYS */;
INSERT INTO `federations` VALUES ('AFC','Azja','Salman bin Ibrahim Al Khalifa'),('CAF','Afryka','Patrice Motsepe'),('CONCACAF','Ameryka Północna i Środkowa','Victor Montagliani'),('CONMEBOL','Ameryka Południowa','Alejandro Dominguez'),('OFC','Oceania','Lambert Maltock'),('UEFA','Europa','Aleksander Ceferin');
/*!40000 ALTER TABLE `federations` ENABLE KEYS */;
UNLOCK TABLES;

--
-- Table structure for table `leagues`
--

DROP TABLE IF EXISTS `leagues`;
/*!40101 SET @saved_cs_client     = @@character_set_client */;
/*!50503 SET character_set_client = utf8mb4 */;
CREATE TABLE `leagues` (
  `name` varchar(40) NOT NULL,
  `country` varchar(40) NOT NULL,
  `level` int NOT NULL,
  `rankingPosition` int DEFAULT NULL,
  `federationName` enum('AFC','CAF','CONCACAF','CONMEBOL','OFC','UEFA') NOT NULL,
  PRIMARY KEY (`name`),
  KEY `lfk1` (`federationName`),
  CONSTRAINT `lfk1` FOREIGN KEY (`federationName`) REFERENCES `federations` (`name`)
) ENGINE=InnoDB DEFAULT CHARSET=utf8mb4 COLLATE=utf8mb4_0900_ai_ci;
/*!40101 SET character_set_client = @saved_cs_client */;

--
-- Dumping data for table `leagues`
--

LOCK TABLES `leagues` WRITE;
/*!40000 ALTER TABLE `leagues` DISABLE KEYS */;
INSERT INTO `leagues` VALUES ('1 Liga','Polska',2,NULL,'UEFA'),('1. Bundesliga','Niemcy',1,4,'UEFA'),('A-League','Australia',1,23,'AFC'),('Argentine Primera Division','Argentyna',1,2,'CONMEBOL'),('Canadian Premier League','Kanada',1,7,'CONCACAF'),('Championship','Anglia',2,NULL,'UEFA'),('Ekstraklasa','Polska',1,28,'UEFA'),('English Premier League','Anglia',1,1,'UEFA'),('Eredivisie','Niderlandy',1,7,'UEFA'),('J-League','Japonia',1,3,'AFC'),('La Liga','Hiszpania',1,2,'UEFA'),('Liga MX','Meksyk',1,1,'CONCACAF'),('Ligue 1','Francja',1,2,'UEFA'),('Major League Soccer','USA/Kanada',1,2,'CONCACAF'),('New Zealand National League','Nowa Zelandia',1,1,'OFC'),('Primeira Liga','Portugalia',1,6,'UEFA'),('Russian Premier Liga','Rosja',1,10,'UEFA'),('Saudi Professional League','Arabia Saudyjska',1,1,'AFC'),('Serie A','Włochy',1,3,'UEFA'),('South African Premier Division','RPA',1,6,'CAF'),('Super Lig','Turcja',1,20,'UEFA'),('Ukrainian Premier Liha','Ukraina',1,12,'UEFA');
/*!40000 ALTER TABLE `leagues` ENABLE KEYS */;
UNLOCK TABLES;

--
-- Table structure for table `stadiums`
--

DROP TABLE IF EXISTS `stadiums`;
/*!40101 SET @saved_cs_client     = @@character_set_client */;
/*!50503 SET character_set_client = utf8mb4 */;
CREATE TABLE `stadiums` (
  `name` varchar(60) NOT NULL,
  `address` varchar(60) NOT NULL,
  `openDate` int NOT NULL,
  `capacity` int NOT NULL,
  PRIMARY KEY (`name`)
) ENGINE=InnoDB DEFAULT CHARSET=utf8mb4 COLLATE=utf8mb4_0900_ai_ci;
/*!40101 SET character_set_client = @saved_cs_client */;

--
-- Dumping data for table `stadiums`
--

LOCK TABLES `stadiums` WRITE;
/*!40000 ALTER TABLE `stadiums` DISABLE KEYS */;
INSERT INTO `stadiums` VALUES ('AAMI Park','Edwin Flack Field Olympic Boulevard',2010,30050),('Abe Lenstra Stadion','Abe Lenstra Boulevard 19',1994,27224),('AFAS Stadion','Stadionweg 1',2006,19478),('Allianz Arena','Frottmaning',2005,75024),('Allianz Riviera','Boulevard des Jardiniers',2013,35624),('Allianz Stadium','Corso Gaetano Scirea 50',2011,41254),('Alsancak Mustafa Denizli Stadyumu','Halkapinar',1929,15000),('Anfield','Anfield Road',1884,53394),('Antalya Stadyumu','Meltem',2015,33032),('Ataturk Olimpiyat Stadi','Ziya Gokalp',2002,76092),('ATCO Field','Foothills County',2019,6000),('Audi Field','100 Potomac Avenue',2018,20000),('Bahcesehir Okullari Stadyumu','Kizilcasehir',2011,10128),('Banc of California Stadium','3939 South Figueroa Street',2018,23500),('BayArena','Bismarckstrasse 122',1958,30210),('Bet365 Stadium','Stanley Matthews Way',1997,30089),('Bielefelder Alm','Melanchthonstrasse 31a',1926,27332),('BMO Field','170 Princes? Boulevard',2007,40000),('Borussia-Park','Hennes-Weisweiler-Allee 1',2004,54042),('Bramall Lane','Highfield',1855,32050),('Brentford Community Stadium','166 Lionel Road North',2020,17250),('Cambuur Stadion','Cambuurplein 44',1936,10500),('Camp Nou','Aristides Maillol 12',1957,99354),('Campbelltown Stadium','Pembroke Rd',1955,17500),('Carrow Road','Carrow Road',1935,27359),('Clarke Stadium','11000 Stadium Road',1938,20000),('Coliseum Alfonso Perez','Avenida Teresa de Calcuta',1998,16500),('CommBank Stadium','Parramatta',2019,30000),('Coopers Stadium','Holden Street',1960,16500),('Cotanak Stadyumu','Aksu',2021,22028),('Craven Cottage','Stevenage Road',1896,19359),('De Adelaarshorst','Vetkampstraat',1920,10000),('De Grolsch Veste','Colosseum 65',1998,30205),('De Kuip','Van Zandvlietplein 3',1937,51117),('Deepdale Stadium','Sir Tom Finney Way',1875,23408),('Deutsche Bank Park','Morfelder Landstrasse 362',1925,51500),('Dignity Health Sports Park','18400 Avalon Boulevard',2003,27000),('El Sadar','Calle del Sadar',1967,23516),('Elland Road','Elland Road',1897,37792),('Emirates Stadium','75 Drayton Park',2006,60260),('Estadi Ciutat de Valencia','Carrer de Sant Vicent de Paul 44',1969,26354),('Estadi Cornella-El Prat','Avenida del Baix Llobregat 100',2009,40500),('Estadio Abanca-Balaidos','Avenida de Balaidos 13',1928,29000),('Estadio Akron','Circuito JVC 2800',2010,48071),('Estadio Anoeta','Anoeta Pasalekua 1',1993,39313),('Estadio Antonio Coimbra da Mota','Alcabideche',1939,8000),('Estadio Antonio Vespucio Liberti','Avenida Figueroa Alcorta 7597',1938,70054),('Estadio Azteca','Calzada de Tlalpan 3465',1966,87523),('Estadio BBVA','Avenida Pablo Livas 2011',2015,51000),('Estadio Benito Villamarin','Avenida de Heliopolis',1929,60721),('Estadio Caliente','Boulevard Agua Caliente 12027',2006,27333),('Estadio Capital do Movel','Calquim',1973,9077),('Estadio Cidade de Barcelos','Vila Boa',2004,12504),('Estadio Corona','Territorio Santos Modelo',2009,30000),('Estadio D. Afonso Henriques','Rua Doutor Professor Arnaldo Sampaio',2003,30029),('Estadio da Luz','Sao Domingos de Benfica',2003,65642),('Estadio de la Ceramica','Carrer Blasco Ibanez 2',1923,23500),('Estadio de Sao Miguel','Rosto do Cao',1930,12500),('Estadio de Vallecas','Calle del Payaso Fofo',1976,14708),('Estadio do Bessa','Rua o 1 de Janeiro',2003,28263),('Estadio do Dragao','Campanha',2003,50033),('Estadio do Futebol Clube de Vizela','Rua do Aidrinho',1989,6565),('Estadio do Maritimo','Rua Doutor Pita',1957,10600),('Estadio Francisco Cabases','Avenda?o y Valdivia',1931,13000),('Estadio Hidalgo','2da B Juárez 102',1993,30000),('Estadio Joao Cardoso','Rua Doutor Jose Enrico Gouveia',2008,5000),('Estadio Jose Alvalade','Lumiar',2003,50095),('Estadio Leon','Boulevard Adolfo López Mateos 1810',1967,31297),('Estadio Libertadores de America','Ricardo Bochini 751',1928,42069),('Estadio Manuel Martinez Valero','Avenida Manuel Martinez Valero 3',1976,33732),('Estadio Mestalla','Avenida de Suecia',1923,49430),('Estadio Municipal 22 de Junho','Avenida de Franca',1952,5307),('Estadio Municipal de Arouca','Rua Doutor Angelo Miranda',2006,5000),('Estadio Municipal de Braga','Parque Norte',2003,30286),('Estadio Municipal de Portimao','Rue Pe da Cruz',1937,6000),('Estadio Nacional do Jamor','Praca da Maratona',1944,37593),('Estadio Olimpico Universitario','Avenida de los Insurgentes Sur',1952,72000),('Estadio Presidente Juan Domingo Peron','Diego A. Milito',1950,61000),('Estadio Ramon Sanchez Pizjuan','Calle Sevilla Futbol Club',1958,43883),('Estadio Universitario','Ninos Heroes',1967,42000),('Etihad Stadium','Ashton New Road',2002,53400),('Euroborg','Bouma Boulevard 41',2006,22525),('Europa-Park Stadion','Freiburg im Breisgau',2021,34700),('Ewood Park','Tweed Street',1882,31367),('Falmer Stadium','Village Way',2011,31800),('Fatih Terim Stadyumu','Basak',2014,17300),('FNB Stadium','Stadium Avenue',1989,94736),('Fortuna Sittard Stadion','Milaanstraat 120',1999,12500),('Freyberg Field','47 Kiwitea Street',1965,3500),('Garrick Memorial Park','43 Hargood Street',1986,1000),('GelreDome','Batavierenweg 25',1998,25000),('Gewiss Stadium','Viale Giulio Cesare',1928,21000),('Gillette Stadium','1 Patriot Place',2002,65878),('Goffert Stadion','Stadionplein 1/Nijmegen',1939,12500),('Goodison Park','Goodison Road',1892,39414),('Grahame Park','Gosford',2000,20059),('Groupama Stadium','Avenue Simone-Veil 10',2016,59186),('Gursel Aksel Stadyumu','Mehmet Ali Akman',2020,25000),('HBF Park','Lord Street',1910,20500),('Het Kasteel','Spartapark-Noord 1',1916,11000),('IG Field','University of Manitoba',2013,33000),('IJsseldelta Stadion','Stadionplein 1/Zwolle',2009,14000),('Johan Cruyff Arena','ArenA Boulevard 1',1996,56120),('Jubilee Oval','Sydney',1936,20500),('Kadir Has Stadyumu','Keykubat',2009,32864),('Kalyon Stadyumu','Yukaribeylerbeyi',2017,35574),('King Abdullah Sports City','King Abdulaziz International Airport',2014,62345),('King Fahd International Stadium','3398 Prince Bandar bin Abdulaziz',1987,68752),('King Power Stadium','Filbert Way',2002,40000),('King Saud University Stadium','King Saud University',2015,25000),('Koning Willem II Stadion','Goirleseweg 34',1995,14700),('Konya Buyuksehir Belediye Stadyumu','Parsana',2014,42000),('La Bombonera','Brandsen 805',1940,57000),('Liberty Stadium','Normandy Road',2005,21088),('London Stadium','Queen Elizabeth Olympic Park',2012,66000),('Lucas Moripe Stadium','Maunde Street',2008,28900),('Lumen Field','800 Occidental Avenue South',2002,37722),('Mandemakers Stadion','Akkerlaan 2',1996,7500),('Mapei Stadium','P.le Atleti Azzurri d\'Italia 1',1995,21525),('Mars Stadium','Midland Highway',1990,11000),('Matmut Atlantique','Cours Jules-Ladoumegue',2015,42115),('McDonald Jones Stadium','New Lambton',1970,33000),('Medical Park Stadyumu','Akyazi',2016,40782),('Mendizorroza','Cervantes Ibilbidea 20',1924,19840),('Mercedes-Benz Arena','Stuttgart',1933,60449),('Mercedes-Benz Stadium','1 AMB Drive Northwest',2017,71000),('MEWA Arena','Eugen-Solomon-Strasse 1',2011,33305),('Miejski Stadion Piłkarski Raków','ul. Bolesława Limanowskiego 83',1955,5500),('Molineux Stadium','Waterloo Road',1889,32050),('Moreton Daily Stadium','Kippa-Ring',1979,11500),('Nef Stadyumu','Huzur',2011,52280),('Noevir Stadium','1-2-2 Misaki-Cho',2001,30132),('NSC Olimpiyskiy','Velyka Vasylkivska 55',1923,70050),('Nuevo Estadio de Los Carmenes','Calle Pintor Manuel Maldonado',1995,19436),('Nuevo Mirandilla','Plaza de Madrid',1955,25033),('Old Trafford','Sir Matt Busby Way',1910,74140),('Olimpiyskiy Stadion Fisht','Olympic Ave 15',2013,47659),('Olympiastadion','Olympischer Platz 3',1936,74475),('Orlando Stadium','Mooki Street',1959,37139),('Otkrytye Bank Arena','Volokolamskoye 69',2014,45360),('Parc des Princes','Rue du Commandant-Guilbaud 24',1972,47929),('Parque Comendador Joaquim de Almeida Freitas','Avenida Comendador Joaquim de Almeida Freitas',2002,6153),('Philips Stadion','Frederiklaan 10a',1910,35000),('Polman Stadion','Van Riemsdijkplein 1',1999,12080),('Polsat Plus Arena','ul. Pokoleń Lechii Gdańsk 1',2011,41620),('PreZero-Arena','Dietmar-Hopp-Strasse 1',2009,30150),('Prince Faisal bin Fahd Stadium','Al Ameen Abdullah Al Ali Al Naeem Street',1971,22500),('Recep Tayyip Erdogan Stadyumu','Beyoglu',2005,14234),('Red Bull Arena','Am Sportforum 3',2004,47069),('RheinEnergieStadion','Aachener Strasse 999',1923,50000),('Riverside Stadium','The Leeway',1955,34742),('Roazhon Park','Rue de Lorient 111',1912,29194),('RZD Arena','Ulitsa Bol\'shaya Cherkizovskaya',2002,27084),('San Mames','Calle Rafael Moreno Pitxitxi',2013,53331),('San Siro','Piazzale Angelo Moratti',1926,75923),('Santiago Bernabeu','Avenida Concha Espina 1',1947,81044),('Selhurst Park','Holmesdale Road',1924,25486),('Signal Iduna Park','Strobelallee 50',1974,81365),('Sky Stadium','Wellington',2000,34500),('Slavutych Arena','Lobanovskoho 21',2006,11883),('Soldier Field','34 Walter Payton Place',1924,61500),('Sportpark Ronhof','Laubenweg 60',1910,16626),('St. James? Park','Barrack Road',1892,52305),('St. Mary?s Stadium','Britannia Road',2001,32384),('Stade Auguste-Delaune','Chaussee Bocquaine 33',1935,20519),('Stade Bollaert-Delelis','Avenue Alfred-Maes',1933,38223),('Stade de l?Aube','Avenue Robert-Schumann',1925,20420),('Stade de la Beaujoire','Boulevard de la Beaujoire 5',1984,35322),('Stade de la Meinau','Rue de l?Extenwoerth 12',1906,26109),('Stade de la Mosson','Avenue de Heidelberg',1972,32900),('Stade du Moustoir','Rue du Tour de Portes',1959,16895),('Stade Francis-Le Ble','Route de Quimper 26',1922,15097),('Stade Gabriel-Montpied','Rue Adrien Mabrut 4',1995,12678),('Stade Geoffroy-Guichard','Rue Paul et Pierre Guichard 14',1931,42000),('Stade Louis II','Avenue des Castelans 7',1939,17746),('Stade Pierre-Mauroy','Boulevard de Tournai',2012,50187),('Stade Raymond-Kopa','Boulevard Pierre-de-Coubertin 11',1912,19350),('Stade Saint-Symphorien','Allee Saint Symphorien',1923,30000),('Stade Velodrome','Boulevard Michelet 3',1937,67394),('Stadio Alberto Picco','Via N. Fieschi 18',1919,11512),('Stadio Arechi','Via Salvador Allende',1990,37180),('Stadio Artemio Franchi','Viale Manfredo Fanti 4',1931,43325),('Stadio Carlo Castellani','Via delle Olimpiadi',1965,16284),('Stadio Diego Armando Maradona','Via Jacopo de Gennaro',1959,54726),('Stadio Friuli','Piazzale Repubblica Argentina 3',1976,25312),('Stadio Luigi Ferraris','Via Giovanni de Pra 1',1911,36598),('Stadio Marcantonio Bentegodi','Piazzale Olimpia 2',1963,31045),('Stadio Olimpico','Viale dei Gladiatori',1953,70634),('Stadio Olimpico Grande Torino','Via Filadelfia 96/b',1933,28177),('Stadio Pier Luigi Penzo','Fondamenta Sant?Elena 5',1913,11150),('Stadio Renato Dall?Ara','Via Andrea Costa 174',1927,36462),('Stadion An der Alten Forsterei','An der Wuhlheide 263',1920,22012),('Stadion Dyskobolii Grodzisk Wlkp.','ul. Powstańców Chocieszyńskich 52',1925,5383),('Stadion Galgenwaard','Herculesplein 241',1936,23750),('Stadion im. Ernesta Pohla','ul. Roosevelta 81',1934,31871),('Stadion im. Józefa Piłsudskiego','ul. Józefa Kałuży 1',1912,15016),('Stadion im. Kazimierza Górskiego','ul. Łukasiewicza 34',1973,15000),('Stadion im. Marszałka Józefa Piłsudskiego','ul. Narutowicza 9',2012,4066),('Stadion Krestovsky','Futbol?naya Alleya 1',2017,67800),('Stadion Ludowy','ul. Kresowa 1',1956,7500),('Stadion Miejski im. Floriana Krygiera','ul. Karłowicza 28',1925,21163),('Stadion Miejski im. Henryka Reymana','ul. Reymonta 20',1953,33130),('Stadion Miejski im. Orła Białego','al. Orła Białego 1',1948,6156),('Stadion Miejski im. Piotra Wieczorka','ul. Okrzei 20',2011,9913),('Stadion Miejski im. Władysława Króla','al. Unii Lubelskiej 2',2015,18029),('Stadion Miejski Odra','ul. Oleska 51',1930,5060),('Stadion Miejski w Białymstoku','ul. Słoneczna 1',1972,22372),('Stadion Miejski w Bielsku-Białej','ul. Rychlińskiego 19',1927,15076),('Stadion Miejski w Gdyni','ul. Olimpijska 5/9',2011,15139),('Stadion Miejski w Głogowie','ul. Wita Stwosza 3',1927,2817),('Stadion Miejski w Łęcznej','al. Jana Pawła II 13',2003,7464),('Stadion Miejski w Łodzi','al. Piłsudskiego 138',1930,18018),('Stadion Miejski w Lubinie','ul. Marii Skłodowskiej-Curie 98',2009,16086),('Stadion MOSiR','ul. Solskiego 1',1953,6864),('Stadion Poznań','ul. Bułgarska 17',2010,42837),('Stadion Sportowy Bruk-Bet Termalica','Nieciecza 199',2007,4666),('Stadion Wojska Polskiego','ul. Łazienkowska 3',1930,31006),('Stamford Bridge','Fulham Road',1877,41837),('Starlight Stadium','City Centre Park',2009,6200),('Subaru Park','1 Stadium Drive',2010,18500),('Sukru Saracoglu Stadyumu','Zuhtupasa',1982,50530),('Suzuki Arena','ul. ks. Piotra Ściegiennego 8',2006,15700),('Tarczyński Arena','Aleja Śląska 1',2011,45105),('TD Place Stadium','1015 Bank Street',1908,24000),('The City Ground','The City Ground',1898,30445),('The Hawthorns','Halfords Lane',1900,26688),('Tim Hortons Field','64 Melrose Avenue North',2014,23218),('Todoroki Stadium','Nakahara Ward',1962,26232),('Tottenham Hotspur Stadium','782 High Road',2019,62850),('Turf Moor','52 Harry Potts Way',1883,21944),('Unipol Domus','Via Raimondo Carta Raspi',2017,16416),('Vicarage Road','Vicarage Road',1922,22200),('Villa Park','Trinity Road',1897,42682),('Visit Mallorca Stadium','Cami dels Reis',1999,20500),('Vitality Stadium','Kings Park',1910,11364),('Vodafone Park','Besiktas',2016,42590),('Volkswagen Arena','Wolfsburg',2002,30000),('Vonovia-Ruhrstadion','Castroper Strasse 145',1911,27599),('VTB Arena','Leningradsky Ave 36',2019,26319),('Wakefield Park','Adelaide Road',1994,1000),('Wanda Metropolitano','Avenida de Luis Aragones 4',1994,68456),('Wanderers Grounds','5711 Sackville Street',2018,6200),('WWK Arena','Burgermeister-Ulrich-Strasse 90',2009,30660),('Yankee Stadium','East 161st Street',2009,47309),('Yanmar Stadium','Nagai Park',1964,47816),('Yeni Adana Stadyumu','Balcali',2021,33543),('Yeni Hatay Stadyumu','Hasanli',2021,25000),('Yeni Malatya Stadyumu','Bulgurlu',2017,25745),('Yeni Rize Sehir Stadyumu','Islampasa',2009,15558),('Yeni Sivas 4 Eylul Stadyumu','Gultepe',2016,27532),('York Lions Stadium','North York',2015,4000);
/*!40000 ALTER TABLE `stadiums` ENABLE KEYS */;
UNLOCK TABLES;

--
-- Table structure for table `workers`
--

DROP TABLE IF EXISTS `workers`;
/*!40101 SET @saved_cs_client     = @@character_set_client */;
/*!50503 SET character_set_client = utf8mb4 */;
CREATE TABLE `workers` (
  `id` int NOT NULL AUTO_INCREMENT,
  `name` varchar(20) NOT NULL,
  `surname` varchar(30) NOT NULL,
  `job` varchar(30) NOT NULL,
  `clubName` varchar(40) NOT NULL,
  PRIMARY KEY (`id`),
  KEY `wfk1` (`clubName`),
  CONSTRAINT `wfk1` FOREIGN KEY (`clubName`) REFERENCES `clubs` (`name`)
) ENGINE=InnoDB AUTO_INCREMENT=606 DEFAULT CHARSET=utf8mb4 COLLATE=utf8mb4_0900_ai_ci;
/*!40101 SET character_set_client = @saved_cs_client */;

--
-- Dumping data for table `workers`
--

LOCK TABLES `workers` WRITE;
/*!40000 ALTER TABLE `workers` DISABLE KEYS */;
INSERT INTO `workers` VALUES (1,'Marco','Reus','kapitan','Borussia Dortmund'),(2,'Lars','Ricken','koordynator młodzieżówki','Borussia Dortmund'),(3,'Sebastian','Kehl','dyrektor sportowy','Borussia Dortmund'),(4,'Edin','Terzić','trener','Borussia Dortmund'),(5,'Hans-Joachim','Watzke','prezes','Borussia Dortmund'),(6,'Matthias','Sammer','doradca zarządu','Borussia Dortmund'),(7,'Manuel','Neuer','kapitan','Bayern Munich'),(8,'Julian','Nagelsmann','trener','Bayern Munich'),(9,'Hasan','Salihamidzić','kierownik','Bayern Munich'),(10,'Franz','Beckenbauer','prezydent honorowy','Bayern Munich'),(25,'Fernando','Roig','prezydent','Villarreal CF'),(26,'Unai','Emery','trener','Villarreal CF'),(27,'Imanol','Idiakez','asystent trenera','Villarreal CF'),(28,'Mario Gaspar','Perez','kapitan','Villarreal CF'),(29,'Olivier','Dall?Oglio','trener','Montpellier HSC'),(30,'Laurent','Nicollin','prezydent','Montpellier HSC'),(31,'Teji','Savanier','kapitan','Montpellier HSC'),(32,'Ricardo','Horta','kapitan','SC Braga'),(33,'Carlos','Carvalhal','trener','SC Braga'),(39,'Ciro','Immobile','kapitan','Lazio Rzym'),(40,'Maurizio','Sarri','trener','Lazio Rzym'),(41,'Igli','Tare','dyrektor sportowy','Lazio Rzym'),(42,'Claudio','Lotito','prezydent','Lazio Rzym'),(45,'Joshua','Brillante','kapitan','Melbourne Victory'),(46,'Anthony','Popovic','trener','Melbourne Victory'),(50,'Fernando','Muslera','kapitan','Galatasaray SK'),(51,'Domenec','Torrent','trener','Galatasaray SK'),(58,'Massimiliano','Allegri','trener','Juventus FC'),(59,'Pavel','Nedved','wiceprezes','Juventus FC'),(60,'Andrea','Agnelli','prezydent','Juventus FC'),(61,'Samir','Handanovic','kapitan','Inter Mediolan'),(62,'Simone','Inzaghi','trener','Inter Mediolan'),(63,'Javier','Zanetti','wiceprezes','Inter Mediolan'),(64,'Steven','Zhang','prezydent','Inter Mediolan'),(65,'Luciano','Spalletti','trener','SSC Napoli'),(66,'Aurelio','de Laurentiis','prezydent','SSC Napoli'),(67,'Stefano','Pioli','trener','AC Milan'),(68,'Paolo','Maldini','dyrektor sportowy','AC Milan'),(69,'Rafael','Tolói','kapitan','Atalanta Bergamo'),(70,'Gian Piero','Gasperini','trener','Atalanta Bergamo'),(71,'Lorenzo','Pellegrini','kapitan','AS Roma'),(72,'Jose','Mourinho','trener','AS Roma'),(73,'Cristiano','Biraghi','kapitan','AC Fiorentina'),(74,'Vincenzo','Italiano','trener','AC Fiorentina'),(75,'Rocco','Commisso','właściciel','AC Fiorentina'),(76,'Francesco','Magnanelli','kapitan','US Sassuolo'),(77,'Alessio','Dionisi','trener','US Sassuolo'),(78,'Andrea','Belotti','kapitan','Torino FC'),(79,'Ivan','Jurić','trener','Torino FC'),(80,'Roberto','Soriano','kapitan','FC Bologna 1909'),(81,'Sinisa','Mihajlović','trener','FC Bologna 1909'),(82,'Joao','Pedro','kapitan','Cagliari Calcio'),(83,'Alessandro','Agostini','trener','Cagliari Calcio'),(84,'Miguel','Veloso','kapitan','Hellas Verona'),(85,'Igor','Tudor','trener','Hellas Verona'),(86,'Maurizio','Setti','prezydent','Hellas Verona'),(87,'Domenico','Criscito','kapitan','Genoa CFC'),(88,'Alexander','Blessin','trener','Genoa CFC'),(89,'Bram','Nuytinck','kapitan','Udinese Calcio'),(90,'Gabriele','Cioffi','trener','Udinese Calcio'),(91,'Giampaolo','Pozzo','właściciel','Udinese Calcio'),(92,'Fabio','Quagliarella','kapitan','UC Sampdoria'),(93,'Marco','Giampaolo','trener','UC Sampdoria'),(94,'Massimo','Ferrero','właściciel','UC Sampdoria'),(95,'Simone','Romagnoli','kapitan','Empoli FC'),(96,'Aurelio','Andreazzoli','trener','Empoli FC'),(97,'Marco','Modolo','kapitan','Venezia FC'),(98,'Duncan','Niederauer','prezydent','Venezia FC'),(99,'Giulio','Maggiore','kapitan','Spezia Calcio'),(100,'Thiago','Motta','trener','Spezia Calcio'),(101,'Franck','Ribery','kapitan','US Salernitana 1919'),(102,'Davide','Nicola','trener','US Salernitana 1919'),(103,'Marquinhos','Correa','kapitan','Paris Saint-Germain FC'),(104,'Leonardo','de Araujo','kierownik','Paris Saint-Germain FC'),(105,'Nasser','Al-Khelaifi','prezydent','Paris Saint-Germain FC'),(106,'Mauricio','Pochettino','trener','Paris Saint-Germain FC'),(107,'Kylian','Mbappe','szef projektu','Paris Saint-Germain FC'),(108,'Wissam','Ben Yedder','kapitan','AS Monaco'),(109,'Philippe','Clement','trener','AS Monaco'),(110,'Dida','Silva','trener bramkarzy','AC Milan'),(111,'Leo','Dubois','kapitan','Olympique Lyon'),(112,'Peter','Bosz','trener','Olympique Lyon'),(113,'Jean-Michel','Aulas','prezydent','Olympique Lyon'),(114,'Steve','Mandanda','kapitan','Olympique Marseille'),(115,'Jorge','Sampaoli','trener','Olympique Marseille'),(116,'Pablo','Longoria','prezydent','Olympique Marseille'),(117,'Dante','Santos','kapitan','OGC Nice'),(118,'Christophe','Galtier','trener','OGC Nice'),(119,'Jose','Fonte','kapitan','LOSC Lille'),(120,'Jocelyn','Gourvennec','trener','LOSC Lille'),(121,'Hamari','Traore','kapitan','Stade Rennais FC'),(122,'Bruno','Genesio','trener','Stade Rennais FC'),(123,'Franck','Haise','trener','RC Lens'),(124,'Yunis','Abdelhamid','kapitan','Stade Reims'),(125,'Oscar','Garcia','trener','Stade Reims'),(126,'Wahbi','Khazri','kapitan','AS Saint-Etienne'),(127,'Pascal','Dupraz','trener','AS Saint-Etienne'),(128,'Dimitri','Lienard','kapitan','RC Strasbourg'),(129,'Julien','Stephan','trener','RC Strasbourg'),(130,'Alban','Lafont','kapitan','FC Nantes'),(131,'Antoine','Kombouare','trener','FC Nantes'),(132,'Waldemar','Kita','prezydent','FC Nantes'),(133,'Josuha','Guilavogui','kapitan','FC Girondins Bordeaux'),(134,'David','Guion','trener','FC Girondins Bordeaux'),(135,'Dylan','Bronn','kapitan','FC Metz'),(136,'Frederic','Antonetti','trener','FC Metz'),(137,'Brendan','Chardonnet','kapitan','Stade Brestois 29'),(138,'Michel','Der Zakarian','trener','Stade Brestois 29'),(139,'Ismael','Traore','kapitan','SCO Angers'),(140,'Gerald','Baticle','trener','SCO Angers'),(141,'Adil','Rami','kapitan','ESTAC Troyes'),(142,'Bruno','Irles','trener','ESTAC Troyes'),(143,'Fabien','Lemoine','kapitan','FC Lorient'),(144,'Christophe','Pelissier','','FC Lorient'),(145,'Florent','Ogier','kapitan','Clermont Foot 63'),(146,'Pascal','Gastien','trener','Clermont Foot 63'),(147,'Fernandinho','Roza','kapitan','Manchester City'),(148,'Pep','Guardiola','trener','Manchester City'),(149,'Sheikh Mansour','bin Zayed Al Nahyan','właściciel','Manchester City'),(150,'Jordan','Henderson','kapitan','Liverpool FC'),(151,'Jurgen','Klopp','trener','Liverpool FC'),(152,'Kenny','Dalglish','członek zarządu','Liverpool FC'),(153,'Cesar','Azpilicueta','kapitan','Chelsea FC'),(154,'Thomas','Tuchel','trener','Chelsea FC'),(155,'Marina','Granovskaya','członek zarządu','Chelsea FC'),(156,'Harry','Maguire','kapitan','Manchester United'),(157,'Erik','ten Hag','trener','Manchester United'),(158,'Joel','Glazer','prezes','Manchester United'),(159,'Bobby','Charlton','członek zarządu','Manchester United'),(160,'Alex','Ferguson','członek zarządu','Manchester United'),(161,'Ralf','Rangnick','doradca','Manchester United'),(162,'Hugo','Lloris','kapitan','Tottenham Hotspur'),(163,'Antonio','Conte','trener','Tottenham Hotspur'),(164,'Fabio','Paratici','dyrektor sportowy','Tottenham Hotspur'),(165,'Daniel','Levy','prezes','Tottenham Hotspur'),(166,'Alexandre','Lacazette','kapitan','Arsenal FC'),(167,'Mikel','Arteta','trener','Arsenal FC'),(168,'Stan','Kroenke','udziałowiec','Arsenal FC'),(169,'Kasper','Schmeichel','kapitan','Leicester City'),(170,'Brendan','Rodgers','trener','Leicester City'),(171,'Kolo','Toure','asystent trenera','Leicester City'),(172,'Aiyawatt','Srivaddhanaprabha','prezydent','Leicester City'),(173,'Seamus','Coleman','kapitan','Everton FC'),(174,'Frank','Lampard','trener','Everton FC'),(175,'Ashley','Cole','asystent trenera','Everton FC'),(176,'Tyrone','Mings','kapitan','Aston Villa'),(177,'Steven','Gerrard','trener','Aston Villa'),(178,'Conor','Coady','kapitan','Wolverhampton Wanderers'),(179,'Bruno','Lage','trener','Wolverhampton Wanderers'),(180,'David','Moyes','trener','West Ham United'),(181,'Mark','Noble','kapitan','West Ham United'),(182,'Jamaal','Lascelles','kapitan','Newcastle United'),(183,'Eddie','Howe','trener','Newcastle United'),(184,'Liam','Cooper','kapitan','Leeds United'),(185,'Jesse','Marsch','trener','Leeds United'),(186,'James','Ward-Prowse','kapitan','Southampton FC'),(187,'Ralph','Hasenhuttl','trener','Southampton FC'),(188,'Luka','Milivojević','kapitan','Crystal Palace'),(189,'Patrick','Vieira','trener','Crystal Palace'),(190,'Lewis','Dunk','kapitan','Brighton & Hove Albion'),(191,'Graham','Potter','trener','Brighton & Hove Albion'),(192,'Tony','Bloom','prezydent','Brighton & Hove Albion'),(193,'Pontus','Jansson','kapitan','Brentford FC'),(194,'Thomas','Frank','trener','Brentford FC'),(195,'Grant','Hanley','kapitan','Norwich City'),(196,'Dean','Smith','trener','Norwich City'),(197,'Moussa','Sissoko','kapitan','Watford FC'),(198,'Roy','Hodgson','trener','Watford FC'),(199,'Gino','Pozzo','właściciel','Watford FC'),(200,'Ben','Mee','kapitan','Burnley FC'),(201,'Marcelo','da Silva Junior','kapitan','Real Madrid'),(202,'Carlo','Ancelotti','trener','Real Madrid'),(203,'Florentino','Perez','prezydent','Real Madrid'),(204,'Iker','Casillas','wiceprezes zarządu','Real Madrid'),(205,'Sergio','Busquets','kapitan','FC Barcelona'),(206,'Xavi','Hernandez','trener','FC Barcelona'),(207,'Joan','Laporta','prezydent','FC Barcelona'),(208,'Deco','de Souza','skaut','FC Barcelona'),(209,'Koke','Resurreccion','kapitan','Atletico Madrid'),(210,'Diego','Simeone','trener','Atletico Madrid'),(211,'Jesus','Navas','kapitan','Sevilla FC'),(212,'Julen','Lopetegui','trener','Sevilla FC'),(213,'Monchi','Verdejo','dyrektor sportowy','Sevilla FC'),(214,'Asier','Illarramendi','kapitan','Real Sociedad'),(215,'Imanol','Alguacil','trener','Real Sociedad'),(216,'Jose','Gaya','kapitan','Valencia CF'),(217,'Pepe','Bordalas','trener','Valencia CF'),(218,'Peter','Lim','właściciel','Valencia CF'),(219,'Joaquin','Sanchez','kapitan','Real Betis Balompie'),(220,'Manuel','Pellegrini','trener','Real Betis Balompie'),(221,'Iker','Muniain','kapitan','Athletic Bilbao'),(222,'Marcelino','Garcia','trener','Athletic Bilbao'),(223,'Dakonam','Djene','kapitan','Getafe CF'),(224,'Quique','Sanchez Flores','trener','Getafe CF'),(225,'David','Lopez','kapitan','RCD Espanyol'),(226,'Hugo','Mallo','kapitan','RC Celta Vigo'),(227,'Eduardo','Coudet','trener','RC Celta Vigo'),(228,'Oier','Sanjurjo','kapitan','CA Osasuna'),(229,'Jagoba','Arrasate','trener','CA Osasuna'),(230,'Victor','Diaz','kapitan','Granada CF'),(231,'Aitor','Karanka','trener','Granada CF'),(232,'Yi','Rentao','prezydent','Granada CF'),(233,'Jose Luis','Morales','kapitan','Levante UD'),(234,'Alessio','Lisci','trener','Levante UD'),(235,'Manolo','Reina','kapitan','RCD Mallorca'),(236,'Javier','Aguirre','trener','RCD Mallorca'),(237,'Andy','Kohlberg','prezydent','RCD Mallorca'),(238,'Victor','Laguardia','kapitan','Deportivo Alaves'),(239,'Julio','Velazquez','trener','Deportivo Alaves'),(240,'Gonzalo','Verdu','kapitan','Elche CF'),(241,'Francisco','Rodriguez','trener','Elche CF'),(242,'Jose','Mari','kapitan','Cadiz CF'),(243,'Sergio','Gonzalez','trener','Cadiz CF'),(244,'Oscar','Trejo','kapitan','Rayo Vallecano'),(245,'Andoni','Iraola','trener','Rayo Vallecano'),(246,'Peter','Gulacsi','kapitan','RB Leipzig'),(247,'Domenico','Tedesco','trener','RB Leipzig'),(248,'Oliver','Mintzlaff','prezes','RB Leipzig'),(249,'Lukas','Hradecky','kapitan','Bayer 04 Leverkusen'),(250,'Gerardo','Seoane','trener','Bayer 04 Leverkusen'),(251,'Stefan','Kiessling','asystent zarządu','Bayer 04 Leverkusen'),(252,'Koen','Casteels','kapitan','VfL Wolfsburg'),(253,'Michael','Frontzeck','asystent trener','VfL Wolfsburg'),(254,'Lars','Stindl','kapitan','Borussia Monchengladbach'),(255,'Adi','Hutter','trener','Borussia Monchengladbach'),(256,'Eugen','Polański','menedżer młodzieżówki','Borussia Monchengladbach'),(257,'Benjamin','Hubner','kapitan','TSG 1899 Hoffenheim'),(258,'Sebastian','Hoeness','trener','TSG 1899 Hoffenheim'),(259,'Dietmar','Hopp','inwestor','TSG 1899 Hoffenheim'),(260,'Sebastian','Rode','kapitan','Eintracht Frankfurt'),(261,'Oliver','Glasner','trener','Eintracht Frankfurt'),(262,'Wataru','Endo','kapitan','VfB Stuttgart'),(263,'Pellegrino','Matarazzo','trener','VfB Stuttgart'),(264,'Sven','Mislintat','dyrektor sportowy','VfB Stuttgart'),(265,'Christian','Gunter','kapitan','SC Freiburg'),(266,'Christian','Streich','trener','SC Freiburg'),(267,'Moussa','Niakhate','kapitan','1.FSV Mainz 05'),(268,'Bo','Svensson','trener','1.FSV Mainz 05'),(269,'Jeffrey','Gouweleeuw','kapitan','FC Augsburg'),(270,'Markus','Weinzierl','trener','FC Augsburg'),(271,'Dedryck','Boyata','kapitan','Hertha Berlin'),(272,'Felix','Magath','trener','Hertha Berlin'),(273,'Jonas','Hector','kapitan','1.FC Koln'),(274,'Steffen','Baumgart','trener','1.FC Koln'),(275,'Christopher','Trimmel','kapitan','1.FC Union Berlin'),(276,'Urs','Fischer','trener','1.FC Union Berlin'),(277,'Manuel','Prietl','kapitan','Arminia Bielefeld'),(278,'Marco','Kostmann','trener bramkarzy','Arminia Bielefeld'),(279,'Anthony','Losilla','kapitan','VfL Bochum'),(280,'Thomas','Reis','trener','VfL Bochum'),(281,'Branimir','Hrgota','kapitan','SpVgg Greuther Furth'),(282,'Stefan','Leitl','trener','SpVgg Greuther Furth'),(283,'Marco','van Ginkel','kapitan','PSV Eindhoven'),(284,'Ruud','van Nistelrooy','trener','PSV Eindhoven'),(285,'Guilherme','Marinato','kapitan','Lokomotiv Moskwa'),(286,'Zaur','Khapov','trener','Lokomotiv Moskwa'),(287,'Vladimir','Leonchenko','prezes','Lokomotiv Moskwa'),(288,'Guido','Pizarro','kapitan','Tigres UANL'),(289,'Miguel','Herrera','trener','Tigres UANL'),(290,'Roberto','Siboldi','trener','Al-Ahli Saudi FC'),(291,'Majid','bin Ayed Al Nafaie','przewodniczący zarządu','Al-Ahli Saudi FC'),(292,'Kamil','Biliński','kapitan','Podbeskidzie Bielsko-Biała'),(293,'Mirosław','Smyła','trener','Podbeskidzie Bielsko-Biała'),(294,'Shogo','Taniguchi','kapitan','Kawasaki Frontale'),(295,'Toru','Oniki','trener','Kawasaki Frontale'),(296,'Itumeleng','Khune','kapitan','Kaizer Chiefs'),(297,'Arthur','Zwane','trener','Kaizer Chiefs'),(298,'Jessica','Motaung','menedżer ds. promocji','Kaizer Chiefs'),(299,'Jamar','Dixon','kapitan','Pacific FC'),(300,'James','Merriman','','Pacific FC'),(301,'Maciej','Świdzikowski','kapitan','Radomiak Radom'),(302,'Mariusz','Lewandowski','trener','Radomiak Radom'),(303,'Leonardo','Sigali','kapitan','Racing Club'),(304,'Fernando','Gago','trener','Racing Club'),(305,'Carles','Gil','kapitan','New England Revolution'),(306,'Bruce','Arena','trener','New England Revolution'),(307,'Angel','Berlanga','kapitan','Auckland City FC'),(308,'Albert','Riera','trener','Auckland City FC'),(309,'Andriy','Pyatov','kapitan','Shakhtar Donetsk'),(310,'Roberto','de Zerbi','trener','Shakhtar Donetsk'),(311,'Darijo','Srna','dyrektor sportowy','Shakhtar Donetsk'),(312,'Mikael','Ishak','kapitan','Lech Poznań'),(313,'Maciej','Skorża','trener','Lech Poznań'),(314,'Tomasz','Rząsa','dyrektor sportowy','Lech Poznań'),(315,'Andrzej','Niewulis','kapitan','Raków Częstochowa'),(316,'Marek','Papszun','trener','Raków Częstochowa'),(317,'Artur','Jędrzejczyk','kapitan','Legia Warszawa'),(318,'Dariusz','Mioduski','właściciel','Legia Warszawa'),(319,'Aleksandar','Vuković','trener','Legia Warszawa'),(320,'Damian','Dąbrowski','kapitan','Pogoń Szczecin'),(321,'Kosta','Runjaić','trener','Pogoń Szczecin'),(322,'Sergiu','Hanca','kapitan','Cracovia'),(323,'Jacek','Zieliński','trener','Cracovia'),(324,'Flavio','Paixao','kapitan','Lechia Gdańsk'),(325,'Tomasz','Kaczmarek','trener','Lechia Gdańsk'),(326,'Przemysław','Wiśniewski','kapitan','Górnik Zabrze'),(327,'Jan','Urban','trener','Górnik Zabrze'),(328,'Krzysztof','Mączyński','kapitan','Śląsk Wrocław'),(329,'Piotr','Tworek','trener','Śląsk Wrocław'),(330,'Bartosz','Kopacz','kapitan','Zagłębie Lubin'),(331,'Piotr','Stokowiec','trener','Zagłębie Lubin'),(332,'Taras','Romanczuk','kapitan','Jagiellonia Białystok'),(333,'Piotr','Nowak','trener','Jagiellonia Białystok'),(334,'Jakub','Czerwiński','kapitan','Piast Gliwice'),(335,'Waldemar','Fornalik','trener','Piast Gliwice'),(336,'Tomasz','Fornalik','asystent trenera','Piast Gliwice'),(337,'Jakub','Błaszczykowski','kapitan','Wisła Kraków'),(338,'Jerzy','Brzęczek','trener','Wisła Kraków'),(339,'Radosław','Sobolewski','asystent trenera','Wisła Kraków'),(340,'Jakub','Rzeźniczak','kapitan','Wisła Płock'),(341,'Pavol','Stano','trener','Wisła Płock'),(342,'Piotr','Wlazło','kapitan','Bruk-Bet Termalica Nieciecza'),(343,'Radoslav','Latal','trener','Bruk-Bet Termalica Nieciecza'),(344,'Marcin','Żewłakow','doradca zarządu','Bruk-Bet Termalica Nieciecza'),(345,'Krystian','Getinger','kapitan','Stal Mielec'),(346,'Adam','Majewski','trener','Stal Mielec'),(347,'Bartosz','Kieliba','kapitan','Warta Poznań'),(348,'Dawid','Szulczek','trener','Warta Poznań'),(349,'Maciej','Gostomski','kapitan','Górnik Łęczna'),(350,'Marcin','Prasoł','trener','Górnik Łęczna'),(351,'Dusan','Tadić','kapitan','Ajax Amsterdam'),(352,'Edwin','van der Sar','prezes','Ajax Amsterdam'),(353,'Klaas-Jan','Huntelaar','doradca zarządu','Ajax Amsterdam'),(354,'Jens','Toornstra','kapitan','Feyenoord Rotterdam'),(355,'Arne','Slot','trener','Feyenoord Rotterdam'),(356,'Owen','Wijndal','kapitan','AZ Alkmaar'),(357,'Pascal','Jansen','trener','AZ Alkmaar'),(358,'Danilho','Doekhi','kapitan','Vitesse Arnhem'),(359,'Thomas','Letsch','trener','Vitesse Arnhem'),(360,'Willem','Janssen','kapitan','FC Utrecht'),(361,'Dick','Advocaat','doradca','FC Utrecht'),(362,'Michael','de Leeuw','kapitan','FC Groningen'),(363,'Danny','Buijs','trener','FC Groningen'),(364,'Erwin','Mulder','kapitan','SC Heerenveen'),(365,'Wout','Brama','kapitan','FC Twente Enschede'),(366,'Ron','Jans','trener','FC Twente Enschede'),(367,'Janis','Blaswich','kapitan','Heracles Almelo'),(368,'Rene','Kolmschot','asystent trenera','Heracles Almelo'),(369,'Pol','Llonch','kapitan','Willem II Tilburg'),(370,'Kevin','Hofland','trener','Willem II Tilburg'),(371,'Ben','Rienstra','kapitan','Fortuna Sittard'),(372,'Sjors','Ultee','trener','Fortuna Sittard'),(373,'Bram','van Polen','kapitan','PEC Zwolle'),(374,'Dick','Schreuder','trener','PEC Zwolle'),(375,'Adil','Auassar','kapitan','Sparta Rotterdam'),(376,'Maurice','Steijn','trener','Sparta Rotterdam'),(377,'Rogier','Meijer','trener','NEC Nijmegen'),(378,'Wilco','van Schaik','prezes','NEC Nijmegen'),(379,'Melle','Meulensteen','kapitan','RKC Waalwijk'),(380,'Joseph','Oosting','trener','RKC Waalwijk'),(381,'Erik','Schouten','kapitan','SC Cambuur'),(382,'Henk','de Jong','trener','SC Cambuur'),(383,'Rens','van Eijden','kapitan','NEC Nijmegen'),(384,'Bas','Kuipers','kapitan','Go Ahead Eagles'),(385,'Kees','van Wonderen','trener','Go Ahead Eagles'),(386,'Altay','Bayindir','kapitan','Fenerbahce SK'),(387,'Ismail','Kartal','trener','Fenerbahce SK'),(388,'Ali','Koc','prezydent','Fenerbahce SK'),(389,'Ugurcan','Cakir','kapitan','Trabzonspor'),(390,'Abdullah','Avci','trener','Trabzonspor'),(391,'Ahmet','Agaoglu','prezydent','Trabzonspor'),(392,'Atiba','Hutchinson','kapitan','Besiktas JK'),(393,'Valerien','Ismael','trener','Besiktas JK'),(394,'Mahmut','Tekdemir','kapitan','Istanbul Basaksehir'),(395,'Emre','Belozoglu','trener','Istanbul Basaksehir'),(396,'Pierre','Webo','asystent trenera','Istanbul Basaksehir'),(397,'Gokhan','Inler','kapitan','Adana Demirspor'),(398,'Vincenzo','Montella','trener','Adana Demirspor'),(399,'Ibrahim','Sehić','kapitan','Konyaspor'),(400,'Ilhan','Palut','trener','Konyaspor'),(401,'Efecan','Karaca','kapitan','Alanyaspor'),(402,'Francesco','Farioli','trener','Alanyaspor'),(403,'Ilhan','Parlak','kapitan','Kayserispor'),(404,'Hikmet','Karaman','trener','Kayserispor'),(405,'Mame','Diouf','kapitan','Hatayspor'),(406,'Lucas','Biglia','kapitan','Fatih Karagumruk'),(407,'Volkan','Demirel','trener','Fatih Karagumruk'),(408,'Suleyman','Hurma','właściciel','Fatih Karagumruk'),(409,'Ryan','Donk','kapitan','Kasimpasa'),(410,'Sami','Ugurlu','trener','Kasimpasa'),(411,'Hakan','Ozmert','kapitan','Antalyaspor'),(412,'Nuri','Sahin','trener','Antalyaspor'),(413,'Ziya','Erdal','kapitan','Sivasspor'),(414,'Riza','Calimbay','trener','Sivasspor'),(415,'Gunay','Guvenc','kapitan','Gaziantep FK'),(416,'Erol','Bulut','trener','Gaziantep FK'),(417,'Hakan','Keles','trener','Giresunspor'),(418,'Halil','Akbunar','kapitan','Goztepe Izmir'),(419,'Gokhan','Gonul','kapitan','Caykur Rizespor'),(420,'Bulent','Korkmaz','trener','Caykur Rizespor'),(421,'Ibrahim','Ozturk','kapitan','Altay SK'),(422,'Sinan','Kaloglu','trener','Altay SK'),(423,'Cihat','Arslan','trener','Yeni Malatyaspor'),(424,'Andre','Almeida','kapitan','Benfica Lisboa'),(425,'Nelson','Verissimo','trener','Benfica Lisboa'),(426,'Rui','Costa','prezydent','Benfica Lisboa'),(427,'Luisao','da Silva','dyrektor techniczny','Benfica Lisboa'),(428,'Sebastian','Coates','kapitan','Sporting CP'),(429,'Ruben','Amorim','trener','Sporting CP'),(430,'Pepe','Ferreira','kapitan','FC Porto'),(431,'Sergio','Conceicao','trener','FC Porto'),(432,'Vitor','Baia','wiceprezes zarządu','FC Porto'),(433,'Antonio','Salvador','prezydent','SC Braga'),(434,'Alessio','Romagnoli','kapitan','AC Milan'),(435,'Giorgio','Chiellini','kapitan','Juventus FC'),(436,'Eduardo','Riccieli','kapitan','FC Famalicao'),(437,'Rui Pedro','Silva','trener','FC Famalicao'),(438,'Andre','Vilas Boas','dyrektor sportowy','FC Famalicao'),(439,'Pepa','da Costa','trener','Vitoria Guimaraes SC'),(440,'Flavio','Meireles','kierownik','Vitoria Guimaraes SC'),(441,'Rafael','Bracali','kapitan','Boavista FC'),(442,'Armando','Petit','trener','Boavista FC'),(443,'Joaozinho','Graca','kapitan','Estoril Praia'),(444,'Bruno','Pinheiro','trener','Estoril Praia'),(445,'Ruben','Fernandes','kapitan','Gil Vicente FC'),(446,'Ricardo','Soares','trener','Gil Vicente FC'),(447,'Joao Pedro','Machado','kapitan','CD Tondela'),(448,'Nuno','Campos','trener','CD Tondela'),(449,'Pedro','Sa','kapitan','Portimonense SC'),(450,'Paulo Sergio','Brito','trener','Portimonense SC'),(451,'Frank','Menezes','lekarz','Portimonense SC'),(452,'Anderson','Carvalho','kapitan','CD Santa Clara'),(453,'Mario','Silva','trener','CD Santa Clara'),(454,'Marco','Baixinho','kapitan','FC Pacos de Ferreira'),(455,'Cesar','Peixoto','trener','FC Pacos de Ferreira'),(456,'Alvaro','Pacheco','trener','FC Vizela'),(457,'Sandro','Cordeiro','kapitan','Belenenses SAD'),(458,'Franclim','Carvalho','trener','Belenenses SAD'),(459,'Lazar','Rosić','kapitan','Moreirense FC'),(460,'Ricardo','Sa Pinto','trener','Moreirense FC'),(461,'Zainadine','Junior','kapitan','CS Maritimo'),(462,'Vasco','Seabra','trener','CS Maritimo'),(463,'Luis','Olim','wiceprezes','CS Maritimo'),(464,'Thales','Oleques','kapitan','FC Arouca'),(465,'Armando','Evangelista','trener','FC Arouca'),(466,'Thommy','Wheeldon Jr.','trener','Cavalry FC'),(467,'Mason','Trafford','kapitan','Cavalry FC'),(468,'Roger','Thompson','kapitan','York United FC'),(469,'Martin','Nash','trener','York United FC'),(470,'Andrew','Jean-Baptiste','kapitan','Valour FC'),(471,'Phillip','Dos Santos','trener','Valour FC'),(472,'Wade','Miller','prezydent','Valour FC'),(473,'Kyle','Bekker','kapitan','Forge FC'),(474,'Bobby','Smyrniotis','trener','Forge FC'),(475,'Carlos','Gonzalez','trener','Atletico Ottawa'),(476,'Andre','Rampersad','kapitan','HFX Wanderers'),(477,'Stephen','Hart','trener','HFX Wanderers'),(478,'Alan','Koch','trener','FC Edmonton'),(479,'Brad','Guzan','kapitan','Atlanta United'),(480,'Gonzalo','Pineda','trener','Atlanta United'),(481,'Carlos','Vela','kapitan','Los Angeles FC'),(482,'Steven','Cherundolo','trener','Los Angeles FC'),(483,'Vincent','Tan','Inwestor','Los Angeles FC'),(484,'Sean','Johnson','kapitan','New York City FC'),(485,'Ronny','Deila','trener','New York City FC'),(486,'Nicolas','Lodeiro','kapitan','Seattle Sounders'),(487,'Brian','Schmetzer','trener','Seattle Sounders'),(488,'Drew','Carey','właściciel','Seattle Sounders'),(489,'Javier','Hernandez','kapitan','Los Angeles Galaxy'),(490,'Greg','Vanney','trener','Los Angeles Galaxy'),(491,'Chris','Klein','prezydent','Los Angeles Galaxy'),(492,'Michael','Bradley','kapitan','Toronto FC'),(493,'Bob','Bradley','trener','Toronto FC'),(494,'Rafael','Czichos','kapitan','Chicago Fire'),(495,'Ezra','Hendrickson','trener','Chicago Fire'),(496,'Sebastian','Pelzer','dyrektor techniczny','Chicago Fire'),(497,'Alejandro','Bedoya','kapitan','Philadelphia Union'),(498,'Jim','Curtin','trener','Philadelphia Union'),(499,'Steve','Birnbaum','kapitan','D.C. United'),(500,'Stewart','Mairs','dyrektor techniczny','D.C. United'),(501,'Steve','Komphela','trener','Mamelodi Sundowns'),(502,'Patrice','Motsepe','właściciel','Mamelodi Sundowns'),(503,'Happy','Jele','kapitan','Orlando Pirates'),(504,'Irvin','Khoza','prezydent','Orlando Pirates'),(505,'Benjamin','Mata','kapitan','Wellington Olympic'),(506,'Rupert','Kemeys','trener','Wellington Olympic'),(507,'Tom','Schwarz','grający menedżer','Cashmere Technical'),(508,'Celso','Ortiz','kapitan','CF Monterrey'),(509,'Victor','Vucetich','trener','CF Monterrey'),(510,'Aldo','de Nigris','asystent trenera','CF Monterrey'),(511,'Guillermo','Ochoa','kapitan','Club America'),(512,'Fernando','Ortiz','trener','Club America'),(513,'Jose de Jesus','Corona','kapitan','CD Cruz Azul'),(514,'Diego','Aguirre','trener','CD Cruz Azul'),(515,'Luis','Montes','kapitan','Club Leon'),(516,'Renato','Paiva','trener','Club Leon'),(517,'Matheus','Doria','kapitan','Santos Laguna'),(518,'Alejandro','Irarragorri','prezydent','Santos Laguna'),(519,'Jesus','Molina','kapitan','CD Guadalajara'),(520,'Marcelo Michel','Leano','kierownik','CD Guadalajara'),(521,'Guillermo','Almada','trener','CF Pachuca'),(522,'Jesus','Martinez','prezydent','CF Pachuca'),(523,'Brayan','Angulo','kapitan','Club Tijuana'),(524,'Fernando','Arce','dyrektor sportowy','Club Tijuana'),(525,'Alfredo','Talavera','kapitan','UNAM Pumas'),(526,'Andres','Lillini','trener','UNAM Pumas'),(527,'Enzo','Perez','kapitan','River Plate'),(528,'Marcelo','Gallardo','trener','River Plate'),(529,'Carlos','Izquierdoz','kapitan','Boca Juniors'),(530,'Sebastian','Battaglia','trener','Boca Juniors'),(531,'Juan Roman','Riquelme','wiceprezes','Boca Juniors'),(532,'Guido','Herrera','kapitan','CA Talleres'),(533,'Pedro','Caixinha','trener','CA Talleres'),(534,'Javier','Gandolfi','asystent trenera','CA Talleres'),(535,'Lucas','Romero','kapitan','CA Independiente'),(536,'Eduardo','Dominguez','trener','CA Independiente'),(537,'Salman','Al-Faraj','kapitan','Al-Hilal FC'),(538,'Ramon','Diaz','trener','Al-Hilal FC'),(539,'Abdullah','Madu','kapitan','Al-Nassr Riyadh'),(540,'Miguel Angel','Russo','trener','Al-Nassr Riyadh'),(541,'Cosmin','Contra','trener','Al-Ittihad'),(542,'Daniel','Tudor','trener bramkarzy','Al-Ittihad'),(543,'Ever','Banega','kapitan','Al-Shabab FC'),(544,'Marius','Sumudica','trener','Al-Shabab FC'),(545,'Andres','Iniesta','kapitan','Vissel Kobe'),(546,'Miguel Angel','Lotina','trener','Vissel Kobe'),(547,'Hiroshi','Kiyotake','kapitan','Cerezo Osaka'),(548,'Akio','Kogiku','trener','Cerezo Osaka'),(549,'Dejan','Lovren','kapitan','Zenit St. Petersburg'),(550,'Sergey','Semak','trener','Zenit St. Petersburg'),(551,'Andrey','Arshavin','asystent zarządu','Zenit St. Petersburg'),(552,'Anton','Shunin','kapitan','Dynamo Moskwa'),(553,'Pavel','Pivovarov','dyrektor generalny','Dynamo Moskwa'),(554,'Georgiy','Dzhikiya','kapitan','Spartak Moskwa'),(555,'Guillermo','Abascal','trener','Spartak Moskwa'),(556,'Leonid','Fedun','właściciel','Spartak Moskwa'),(557,'Soslan','Dzhanaev','kapitan','PFC Sochi'),(558,'Vladimir','Fedotov','trener','PFC Sochi'),(559,'Boris','Rotenberg','właściciel','PFC Sochi'),(560,'Sergiy','Sydorchuk','kapitan','Dynamo Kyiv'),(561,'Mircea','Lucescu','trener','Dynamo Kyiv'),(562,'Igor','Surkis','prezydent','Dynamo Kyiv'),(563,'Mykyta','Shevchenko','kapitan','Zorya Luhansk'),(564,'Viktor','Skrypnyk','trener','Zorya Luhansk'),(565,'Yuriy','Koval','dyrektor sportowy','Zorya Luhansk'),(566,'Daniel','Tanżyna','kapitan','Widzew Łódź'),(567,'Janusz','Niedźwiedź','trener','Widzew Łódź'),(568,'Tomasz','Wichniarek','dyrektor sportowy','Widzew Łódź'),(569,'Jacek','Kiełb','kapitan','Korona Kielce'),(570,'Leszek','Ojrzyński','trener','Korona Kielce'),(571,'Nemanja','Mijusković','kapitan','Miedź Legnica'),(572,'Wojciech','Łobodziński','trener','Miedź Legnica'),(573,'Michał','Marcjanik','kapitan','Arka Gdynia'),(574,'Ryszard','Tarasiewicz','trener','Arka Gdynia'),(575,'Artur','Skowronek','trener','Zagłębie Sosnowiec'),(576,'Oliver','Praznovsky','kapitan','Chrobry Głogów'),(577,'Ivan','Djurdjevic','trener','Chrobry Głogów'),(578,'Maksymilian','Rozwandowicz','kapitan','ŁKS Łódź'),(579,'Kazimierz','Moskal','trener','ŁKS Łódź'),(580,'Mateusz','Kamiński','kapitan','Odra Opole'),(581,'Piotr','Plewnia','trener','Odra Opole'),(582,'Tom','Cairney','kapitan','Fulham FC'),(583,'Marco','Silva','trener','Fulham FC'),(584,'Shahid','Khan','właściciel','Fulham FC'),(585,'Lloyd','Kelly','kapitan','AFC Bournemouth'),(586,'Scott','Parker','trener','AFC Bournemouth'),(587,'Harry','Redknapp','doradca','AFC Bournemouth'),(588,'Billy','Sharp','kapitan','Sheffield United'),(589,'Paul','Heckingbottom','trener','Sheffield United'),(590,'Jake','Livermore','kapitan','West Bromwich Albion'),(591,'Steve','Bruce','trener','West Bromwich Albion'),(592,'Lewis','Grabban','kapitan','Nottingham Forest'),(593,'Steve','Cooper','trener','Nottingham Forest'),(594,'Vangelis','Marinakis','właściciel','Nottingham Forest'),(595,'Jonathan','Howson','kapitan','Middlesbrough FC'),(596,'Chris','Wilder','trener','Middlesbrough FC'),(597,'Darragh','Lenihan','kapitan','Blackburn Rovers'),(598,'Tony','Mowbray','trener','Blackburn Rovers'),(599,'Matt','Grimes','kapitan','Swansea City'),(600,'Russell','Martin','trener','Swansea City'),(601,'Jason M.','Levien','właściciel','Swansea City'),(602,'Joe','Allen','kapitan','Stoke City'),(603,'Michael','O?Neill','trener','Stoke City'),(604,'Alan','Browne','kapitan','Preston North End'),(605,'Ryan','Lowe','trener','Preston North End');
/*!40000 ALTER TABLE `workers` ENABLE KEYS */;
UNLOCK TABLES;
/*!40103 SET TIME_ZONE=@OLD_TIME_ZONE */;

/*!40101 SET SQL_MODE=@OLD_SQL_MODE */;
/*!40014 SET FOREIGN_KEY_CHECKS=@OLD_FOREIGN_KEY_CHECKS */;
/*!40014 SET UNIQUE_CHECKS=@OLD_UNIQUE_CHECKS */;
/*!40101 SET CHARACTER_SET_CLIENT=@OLD_CHARACTER_SET_CLIENT */;
/*!40101 SET CHARACTER_SET_RESULTS=@OLD_CHARACTER_SET_RESULTS */;
/*!40101 SET COLLATION_CONNECTION=@OLD_COLLATION_CONNECTION */;
/*!40111 SET SQL_NOTES=@OLD_SQL_NOTES */;

-- Dump completed on 2022-06-17 21:12:53
